altman_score,piotroski_score,involvement_msci.Controversial Weapons,involvement_msci.Gambling,involvement_msci.Tobacco Products,involvement_msci.Alcoholic Beverages,Controversies_score_ESG,global_target_aligned,SBTI_reduction_aligned,Tempurature_aligned
4.08,9.0,0.0,0.0,0.0,0.0,0.0,1,1,0
1.63,7.0,0.0,0.0,0.0,0.0,2.0,1,1,0
0.7,8.0,0.0,0.0,0.0,0.0,0.0,0,0,0
1.15,6.0,0.0,0.0,0.0,0.0,2.0,1,0,1
1.91,7.0,0.0,0.0,0.0,0.0,2.0,1,0,0
3.08,5.0,0.0,0.0,0.0,0.0,4.0,1,0,0
1.85,5.0,0.0,0.0,0.0,0.0,0.0,1,1,0
2.71,4.0,0.0,0.0,0.0,0.0,0.0,0,0,0
4.54,6.0,0.0,0.0,0.0,0.0,0.0,1,0,1
8.17,7.0,0.0,0.0,0.0,0.0,0.0,0,0,0
0.93,6.0,0.0,0.0,0.0,0.0,0.0,1,1,0
1.9,7.0,0.0,0.0,0.0,0.0,2.0,1,0,1
9.38,6.0,0.0,0.0,0.0,0.0,4.0,1,0,1
3.35,8.0,0.0,0.0,0.0,0.0,3.0,1,0,0
4.85,6.0,0.0,0.0,0.0,0.0,0.0,1,1,0
0.33,3.0,0.0,0.0,0.0,0.0,0.0,0,0,0
6.54,7.0,0.0,0.0,0.0,0.0,3.0,1,0,1
3.6,6.0,0.0,0.0,0.0,0.0,0.0,1,0,1
-3.8,2.0,0.0,0.0,0.0,0.0,0.0,0,0,1
-0.6,5.0,0.0,0.0,0.0,0.0,3.0,1,1,0
34.26,7.0,0.0,0.0,0.0,0.0,0.0,0,0,0
3.43,4.0,0.0,0.0,0.0,0.0,0.0,0,0,0
6.95,7.0,0.0,0.0,0.0,0.0,0.0,1,0,1
-3.5,2.0,0.0,0.0,0.0,0.0,0.0,0,0,0
2.34,9.0,0.0,0.0,0.0,0.0,0.0,1,0,0
10.61,4.0,0.0,0.0,0.0,0.0,0.0,0,0,0
2.5,9.0,0.0,0.0,0.0,0.0,0.0,0,0,0
0.45,2.0,0.0,0.0,0.0,0.0,0.0,0,0,0
1.77,5.0,1.0,0.0,0.0,0.0,4.0,1,1,0
9.75,7.0,0.0,0.0,0.0,0.0,0.0,1,0,1
4.46,6.0,0.0,0.0,0.0,0.0,0.0,0,0,0
10.89,6.0,0.0,0.0,0.0,0.0,2.0,1,0,1
0.89,4.0,0.0,0.0,0.0,0.0,0.0,0,0,0
1.75,4.0,0.0,0.0,0.0,0.0,2.0,1,1,0
2.32,2.0,0.0,0.0,0.0,0.0,0.0,0,0,0
-0.72,4.0,0.0,0.0,0.0,0.0,0.0,0,0,0
12.54,7.0,0.0,0.0,0.0,0.0,0.0,1,1,0
-1.94,3.0,0.0,0.0,0.0,0.0,0.0,0,0,0
2.66,7.0,0.0,0.0,0.0,0.0,0.0,1,0,0
1.17,8.0,0.0,0.0,0.0,0.0,0.0,0,0,0
7.35,7.0,0.0,0.0,0.0,0.0,5.0,1,0,1
2.41,3.0,0.0,0.0,0.0,0.0,0.0,0,0,0
13.84,4.0,0.0,0.0,0.0,0.0,0.0,0,0,0
13.24,8.0,0.0,0.0,0.0,0.0,3.0,1,0,1
4.6,9.0,0.0,0.0,0.0,0.0,2.0,1,0,1
5.32,7.0,0.0,0.0,0.0,0.0,0.0,1,1,0
12.66,8.0,0.0,0.0,0.0,0.0,0.0,1,1,1
2.08,2.0,0.0,0.0,0.0,0.0,0.0,0,0,0
3.4,5.0,0.0,0.0,0.0,0.0,0.0,0,0,0
2.97,7.0,0.0,0.0,0.0,0.0,0.0,0,0,0
-0.22,6.0,0.0,0.0,0.0,0.0,0.0,1,1,0
2.29,6.0,0.0,0.0,0.0,0.0,0.0,0,0,0
-2.3,3.0,0.0,0.0,0.0,0.0,0.0,0,0,0
20.85,8.0,0.0,0.0,0.0,0.0,0.0,0,0,0
3.92,7.0,0.0,0.0,0.0,0.0,2.0,1,1,0
1.06,8.0,0.0,0.0,0.0,0.0,0.0,0,0,0
4.66,7.0,0.0,0.0,0.0,0.0,0.0,0,0,0
-3.77,2.0,0.0,0.0,0.0,0.0,0.0,0,0,0
-0.05,3.0,0.0,0.0,0.0,0.0,0.0,1,1,0
-87.74,3.0,0.0,0.0,0.0,0.0,0.0,0,0,0
7.9,9.0,0.0,0.0,0.0,0.0,6.0,1,0,0
27.22,6.0,0.0,0.0,0.0,0.0,0.0,0,0,0
4.17,8.0,0.0,0.0,0.0,0.0,0.0,1,1,0
3.97,7.0,0.0,0.0,0.0,0.0,0.0,1,1,0
1.81,4.0,0.0,0.0,0.0,0.0,7.0,1,1,0
11.04,7.0,0.0,0.0,0.0,0.0,1.0,1,0,1
-0.71,3.0,0.0,0.0,0.0,0.0,0.0,0,0,0
1.79,9.0,0.0,0.0,0.0,0.0,0.0,0,0,0
25.55,7.0,0.0,0.0,0.0,0.0,0.0,0,0,0
3.55,4.0,0.0,0.0,0.0,1.0,0.0,0,0,0
4.9,7.0,0.0,0.0,0.0,0.0,0.0,0,0,0
9.44,6.0,0.0,0.0,0.0,0.0,0.0,0,0,0
1.38,5.0,0.0,0.0,0.0,0.0,0.0,0,0,0
6.37,4.0,0.0,0.0,0.0,0.0,0.0,0,0,0
20.5,5.0,0.0,0.0,0.0,0.0,0.0,1,1,0
12.46,7.0,0.0,0.0,0.0,0.0,0.0,0,0,0
0.92,7.0,0.0,0.0,0.0,0.0,0.0,0,0,0
3.08,6.0,0.0,0.0,0.0,0.0,3.0,0,0,0
15.06,5.0,0.0,0.0,0.0,0.0,0.0,0,0,0
10.29,6.0,0.0,0.0,0.0,0.0,2.0,1,0,1
1.99,7.0,0.0,0.0,0.0,0.0,0.0,0,0,0
4.8,6.0,0.0,0.0,0.0,0.0,1.0,1,0,1
6.36,4.0,0.0,0.0,0.0,0.0,7.0,1,1,0
-5.39,4.0,0.0,0.0,0.0,0.0,0.0,0,0,0
4.76,6.0,0.0,0.0,0.0,0.0,0.0,0,0,0
3.61,6.0,0.0,0.0,0.0,0.0,0.0,0,0,0
6.96,4.0,0.0,0.0,1.0,1.0,6.0,1,0,1
11.5,6.0,0.0,0.0,0.0,0.0,0.0,1,1,0
4.04,8.0,0.0,0.0,0.0,0.0,0.0,1,0,1
-18.58,3.0,0.0,0.0,0.0,0.0,0.0,0,0,0
-2.83,1.0,0.0,0.0,0.0,0.0,0.0,0,0,0
1.4,7.0,0.0,0.0,0.0,0.0,0.0,0,0,0
4.49,4.0,0.0,0.0,0.0,0.0,0.0,1,0,1
6.81,6.0,0.0,0.0,0.0,0.0,0.0,0,0,0
-4.88,7.0,0.0,0.0,0.0,0.0,0.0,0,0,0
4.11,8.0,0.0,0.0,0.0,0.0,0.0,1,1,0
1.12,7.0,0.0,0.0,0.0,0.0,0.0,1,0,0
0.26,3.0,0.0,0.0,0.0,0.0,2.0,1,0,1
1.29,5.0,0.0,0.0,0.0,0.0,0.0,0,0,0
0.4,2.0,0.0,0.0,0.0,0.0,0.0,0,0,0
2.15,8.0,0.0,0.0,0.0,0.0,4.0,1,0,0
9.86,8.0,0.0,0.0,0.0,0.0,0.0,0,0,0
1.83,7.0,0.0,0.0,0.0,1.0,7.0,1,1,0
7.2,5.0,0.0,0.0,0.0,0.0,0.0,0,0,0
5.33,3.0,0.0,0.0,0.0,0.0,0.0,0,0,0
2.21,3.0,0.0,0.0,0.0,0.0,0.0,0,0,0
0.97,6.0,0.0,0.0,0.0,0.0,5.0,1,0,0
0.46,6.0,0.0,0.0,0.0,0.0,2.0,1,0,1
5.67,3.0,0.0,0.0,0.0,0.0,0.0,1,0,1
7.63,6.0,0.0,0.0,0.0,0.0,0.0,0,0,0
2.93,6.0,0.0,0.0,0.0,0.0,0.0,0,0,0
2.08,2.0,0.0,0.0,0.0,0.0,0.0,0,0,0
2.24,7.0,0.0,0.0,0.0,0.0,0.0,0,0,0
3.36,3.0,0.0,0.0,0.0,0.0,0.0,0,0,0
2.64,6.0,0.0,0.0,0.0,0.0,0.0,1,1,0
2.95,6.0,0.0,0.0,0.0,0.0,0.0,0,0,0
58.64,8.0,0.0,0.0,0.0,0.0,0.0,1,1,0
2.04,5.0,0.0,0.0,0.0,0.0,0.0,1,0,1
48.79,3.0,0.0,0.0,0.0,0.0,0.0,0,0,0
4.46,6.0,0.0,0.0,0.0,0.0,0.0,0,0,0
15.32,7.0,0.0,0.0,0.0,0.0,0.0,0,0,0
3.56,6.0,0.0,0.0,0.0,0.0,0.0,0,0,0
4.4,7.0,0.0,0.0,0.0,0.0,0.0,0,0,0
2.49,6.0,0.0,0.0,0.0,0.0,0.0,0,0,0
1.37,9.0,0.0,0.0,0.0,0.0,0.0,1,1,0
1.49,5.0,0.0,0.0,0.0,0.0,0.0,0,0,0
5.56,6.0,0.0,0.0,0.0,0.0,1.0,1,1,0
2.42,7.0,0.0,0.0,0.0,0.0,0.0,0,0,0
9.08,4.0,0.0,0.0,0.0,0.0,0.0,1,1,0
4.19,5.0,0.0,0.0,0.0,0.0,0.0,0,0,0
1.72,4.0,0.0,0.0,0.0,0.0,0.0,0,0,0
18.31,5.0,0.0,0.0,0.0,0.0,0.0,0,0,0
0.95,2.0,0.0,0.0,0.0,0.0,0.0,0,0,0
-45.91,3.0,0.0,0.0,0.0,0.0,0.0,0,0,0
5.32,7.0,0.0,0.0,0.0,0.0,3.0,1,1,0
4.39,8.0,0.0,0.0,0.0,0.0,0.0,0,0,0
0.94,7.0,0.0,0.0,0.0,0.0,0.0,0,0,0
3.54,6.0,0.0,0.0,0.0,0.0,0.0,0,0,0
4.68,5.0,0.0,0.0,0.0,0.0,0.0,0,0,0
-7.51,3.0,0.0,0.0,0.0,0.0,0.0,0,0,0
1.51,5.0,0.0,0.0,0.0,0.0,0.0,0,0,0
7.42,7.0,0.0,0.0,0.0,0.0,0.0,0,0,0
23.64,6.0,0.0,0.0,0.0,0.0,0.0,1,1,0
1.34,4.0,0.0,0.0,0.0,0.0,0.0,0,0,0
1.84,7.0,0.0,0.0,0.0,0.0,0.0,1,0,1
7.56,7.0,0.0,0.0,0.0,0.0,0.0,0,0,0
6.87,7.0,0.0,0.0,0.0,0.0,0.0,0,0,0
1.18,7.0,0.0,0.0,0.0,0.0,0.0,0,0,0
2.3,6.0,0.0,0.0,0.0,0.0,0.0,0,0,0
-4.43,3.0,0.0,0.0,0.0,0.0,0.0,0,0,0
8.1,8.0,0.0,0.0,0.0,0.0,0.0,0,0,0
0.77,5.0,0.0,0.0,0.0,0.0,0.0,0,0,0
-0.6,6.0,0.0,0.0,0.0,0.0,0.0,0,0,0
3.68,6.0,1.0,0.0,0.0,0.0,3.0,1,1,0
2.88,6.0,0.0,0.0,0.0,0.0,0.0,0,0,0
2.37,8.0,0.0,0.0,0.0,0.0,0.0,0,0,0
4.49,4.0,0.0,0.0,0.0,0.0,0.0,0,0,0
1.98,3.0,0.0,0.0,0.0,0.0,2.0,1,0,1
-7.87,3.0,0.0,0.0,0.0,0.0,0.0,0,0,0
1.71,8.0,0.0,0.0,0.0,0.0,0.0,0,0,0
7.67,5.0,0.0,0.0,0.0,0.0,0.0,0,0,0
29.22,7.0,0.0,0.0,0.0,0.0,2.0,0,0,0
2.81,5.0,0.0,1.0,0.0,0.0,0.0,1,0,0
1.4,5.0,0.0,0.0,0.0,0.0,4.0,1,0,0
2.29,9.0,0.0,0.0,0.0,0.0,0.0,0,0,0
-3.78,4.0,0.0,0.0,0.0,0.0,0.0,0,0,0
6.2,7.0,0.0,0.0,0.0,0.0,0.0,1,1,0
9.54,5.0,0.0,0.0,0.0,0.0,0.0,1,0,1
2.0,5.0,0.0,0.0,0.0,0.0,2.0,1,1,0
4.05,7.0,0.0,0.0,0.0,0.0,1.0,0,0,0
1.81,8.0,0.0,0.0,0.0,0.0,2.0,0,0,0
8.07,8.0,0.0,0.0,0.0,0.0,0.0,0,0,0
0.24,2.0,0.0,0.0,0.0,0.0,0.0,1,0,0
-16.08,3.0,0.0,0.0,0.0,0.0,0.0,0,0,0
4.04,5.0,0.0,0.0,0.0,0.0,0.0,0,0,0
3.36,6.0,0.0,0.0,0.0,1.0,5.0,0,0,0
12.23,6.0,0.0,0.0,0.0,0.0,0.0,1,1,0
-1.51,2.0,0.0,0.0,0.0,0.0,0.0,0,0,0
4.04,8.0,0.0,0.0,0.0,0.0,2.0,1,1,0
1.66,4.0,0.0,0.0,0.0,0.0,1.0,0,0,0
1.91,3.0,0.0,0.0,0.0,0.0,0.0,1,0,1
6.77,6.0,0.0,0.0,0.0,0.0,0.0,0,0,0
2.8,6.0,0.0,0.0,0.0,0.0,0.0,0,0,0
1.67,6.0,0.0,0.0,0.0,0.0,0.0,1,0,1
4.39,6.0,0.0,0.0,0.0,0.0,0.0,0,0,0
-23.54,2.0,0.0,0.0,0.0,0.0,0.0,0,0,0
2.43,5.0,0.0,0.0,0.0,0.0,1.0,1,1,0
2.53,5.0,0.0,0.0,0.0,0.0,0.0,1,0,0
6.05,4.0,0.0,0.0,0.0,0.0,0.0,0,0,0
4.98,8.0,0.0,0.0,0.0,0.0,0.0,1,1,0
2.58,7.0,0.0,0.0,0.0,0.0,0.0,1,1,0
-11.64,7.0,0.0,0.0,0.0,0.0,0.0,0,0,0
0.72,6.0,0.0,0.0,0.0,0.0,0.0,1,1,0
2.76,6.0,0.0,0.0,0.0,0.0,0.0,0,0,0
2.38,6.0,0.0,0.0,1.0,1.0,0.0,0,0,0
4.31,1.0,0.0,0.0,0.0,0.0,0.0,0,0,0
1.72,7.0,0.0,0.0,0.0,0.0,0.0,0,0,0
5.12,9.0,0.0,0.0,0.0,0.0,0.0,0,0,0
9.97,4.0,0.0,0.0,0.0,0.0,0.0,0,0,0
2.66,5.0,0.0,0.0,0.0,0.0,0.0,0,0,0
3.0,6.0,0.0,0.0,0.0,0.0,0.0,0,0,0
1.07,7.0,0.0,0.0,0.0,0.0,0.0,0,0,0
8.29,8.0,0.0,0.0,0.0,0.0,0.0,0,0,0
1.62,7.0,0.0,0.0,0.0,0.0,0.0,0,0,0
1.96,8.0,0.0,0.0,0.0,0.0,3.0,1,0,1
1.21,5.0,0.0,0.0,0.0,0.0,7.0,1,0,0
0.84,4.0,0.0,0.0,0.0,0.0,0.0,0,0,0
3.84,7.0,0.0,0.0,0.0,0.0,0.0,0,0,0
1.98,5.0,0.0,0.0,0.0,0.0,0.0,0,0,0
1.91,7.0,0.0,0.0,0.0,0.0,0.0,0,0,0
14.38,7.0,0.0,0.0,0.0,0.0,0.0,0,0,0
-5.16,2.0,0.0,0.0,0.0,0.0,0.0,0,0,0
33.25,6.0,0.0,0.0,0.0,0.0,0.0,0,0,0
4.22,7.0,0.0,0.0,0.0,0.0,0.0,1,0,0
4.6,2.0,0.0,0.0,0.0,0.0,0.0,1,1,0
2.03,6.0,0.0,0.0,0.0,0.0,0.0,1,1,0
3.06,6.0,0.0,0.0,0.0,0.0,0.0,0,0,0
6.97,7.0,0.0,0.0,0.0,0.0,0.0,0,0,0
1.26,7.0,0.0,0.0,0.0,0.0,0.0,0,0,0
3.41,5.0,0.0,0.0,0.0,0.0,0.0,0,0,0
-26.14,3.0,0.0,0.0,0.0,0.0,0.0,0,0,0
-7.34,5.0,0.0,0.0,0.0,0.0,0.0,0,0,0
1.12,5.0,0.0,0.0,0.0,0.0,0.0,0,0,0
5.83,7.0,0.0,0.0,0.0,0.0,0.0,0,0,0
11.3,7.0,0.0,0.0,0.0,0.0,6.0,1,0,1
6.37,6.0,0.0,0.0,0.0,0.0,0.0,0,0,0
-1.06,3.0,0.0,0.0,0.0,0.0,0.0,0,0,0
0.69,3.0,0.0,0.0,0.0,0.0,0.0,0,0,0
2.27,6.0,0.0,0.0,0.0,0.0,0.0,0,0,0
1.71,7.0,0.0,0.0,0.0,0.0,0.0,0,0,0
1.58,6.0,0.0,0.0,0.0,0.0,0.0,0,0,0
3.56,6.0,0.0,0.0,0.0,0.0,4.0,1,1,0
2.26,6.0,0.0,0.0,0.0,0.0,2.0,1,1,0
10.7,8.0,0.0,0.0,0.0,0.0,0.0,0,0,0
0.47,5.0,0.0,0.0,0.0,0.0,0.0,0,0,0
5.62,7.0,0.0,0.0,0.0,0.0,0.0,0,0,0
-4.42,3.0,0.0,0.0,0.0,0.0,0.0,0,0,0
3.23,7.0,0.0,0.0,0.0,0.0,0.0,0,0,0
10.86,6.0,0.0,0.0,0.0,0.0,0.0,0,0,0
6.37,6.0,0.0,0.0,0.0,0.0,0.0,0,0,0
222.12,2.0,0.0,0.0,0.0,0.0,0.0,0,0,0
7.17,4.0,0.0,0.0,0.0,0.0,0.0,0,0,0
0.4,5.0,0.0,0.0,0.0,0.0,0.0,0,0,0
1.05,3.0,0.0,0.0,0.0,0.0,0.0,0,0,0
-11.24,3.0,0.0,0.0,0.0,0.0,0.0,0,0,0
5.23,4.0,0.0,0.0,0.0,0.0,0.0,0,0,0
9.74,5.0,0.0,0.0,0.0,0.0,0.0,0,0,0
3.4,6.0,0.0,0.0,0.0,0.0,0.0,0,0,0
-3.05,2.0,0.0,0.0,0.0,0.0,0.0,0,0,0
-1.42,4.0,0.0,0.0,0.0,0.0,0.0,0,0,0
0.42,5.0,0.0,0.0,0.0,1.0,0.0,1,1,0
-10.8,3.0,0.0,0.0,0.0,0.0,0.0,0,0,0
2.64,7.0,0.0,0.0,0.0,1.0,4.0,1,1,0
0.7,7.0,0.0,1.0,0.0,0.0,5.0,1,0,1
2.18,6.0,0.0,0.0,0.0,0.0,0.0,1,1,0
-154.34,2.0,0.0,0.0,0.0,0.0,0.0,0,0,0
1.36,7.0,0.0,0.0,0.0,0.0,0.0,1,0,1
11.36,4.0,0.0,0.0,0.0,0.0,0.0,0,0,0
5.3,8.0,0.0,0.0,0.0,0.0,0.0,0,0,0
3.21,7.0,0.0,0.0,0.0,0.0,0.0,1,0,1
3.54,8.0,0.0,0.0,0.0,0.0,0.0,0,0,0
1.0,7.0,0.0,1.0,0.0,0.0,0.0,1,1,0
2.72,7.0,0.0,0.0,0.0,0.0,0.0,0,0,0
1.85,6.0,0.0,0.0,0.0,0.0,0.0,0,0,0
3.56,6.0,0.0,0.0,0.0,0.0,0.0,0,0,0
5.11,4.0,0.0,0.0,0.0,0.0,0.0,0,0,0
0.77,5.0,0.0,0.0,0.0,0.0,0.0,0,0,0
2.42,6.0,0.0,0.0,0.0,0.0,0.0,0,0,0
1.61,5.0,0.0,0.0,0.0,0.0,0.0,0,0,0
0.61,6.0,0.0,0.0,0.0,0.0,0.0,0,0,0
0.79,5.0,0.0,0.0,0.0,0.0,0.0,0,0,0
2.13,4.0,0.0,0.0,0.0,0.0,0.0,0,0,0
7.47,6.0,0.0,0.0,0.0,0.0,0.0,0,0,0
-23.87,2.0,0.0,0.0,0.0,0.0,0.0,0,0,0
0.91,5.0,0.0,0.0,0.0,0.0,0.0,1,0,1
-3.77,3.0,0.0,0.0,0.0,0.0,0.0,0,0,0
9.57,9.0,0.0,0.0,0.0,0.0,0.0,0,0,0
6.37,4.0,0.0,0.0,0.0,0.0,0.0,0,0,0
-8.39,4.0,0.0,0.0,0.0,0.0,0.0,0,0,0
7.08,6.0,0.0,0.0,0.0,0.0,0.0,0,0,0
-0.54,4.0,0.0,0.0,0.0,0.0,0.0,1,1,0
-1.77,6.0,0.0,0.0,0.0,0.0,0.0,0,0,0
2.79,6.0,0.0,0.0,0.0,0.0,6.0,1,1,0
1.2,5.0,0.0,0.0,0.0,0.0,0.0,1,0,1
0.4,2.0,0.0,0.0,0.0,0.0,0.0,1,1,0
1.44,5.0,0.0,0.0,0.0,0.0,2.0,0,0,0
3.35,6.0,0.0,0.0,0.0,0.0,0.0,1,1,0
6.33,8.0,0.0,0.0,0.0,1.0,0.0,1,0,0
8.27,7.0,0.0,0.0,0.0,0.0,0.0,0,0,0
0.63,7.0,0.0,0.0,0.0,0.0,0.0,0,0,0
7.44,8.0,0.0,0.0,0.0,0.0,0.0,0,0,0
4.84,5.0,0.0,0.0,0.0,0.0,0.0,0,0,0
2.29,3.0,0.0,0.0,0.0,0.0,0.0,0,0,0
6.6,7.0,0.0,0.0,0.0,0.0,0.0,0,0,0
6.0,7.0,0.0,0.0,0.0,0.0,0.0,0,0,0
2.62,7.0,0.0,0.0,0.0,0.0,0.0,0,0,0
6.06,6.0,0.0,0.0,0.0,0.0,0.0,1,0,0
-33.88,1.0,0.0,0.0,0.0,0.0,0.0,0,0,0
2.74,5.0,0.0,0.0,0.0,0.0,0.0,1,1,0
1.64,4.0,0.0,0.0,0.0,0.0,0.0,0,0,0
1.4,6.0,0.0,0.0,0.0,0.0,0.0,0,0,0
1.13,2.0,0.0,0.0,0.0,0.0,0.0,0,0,0
2.79,6.0,0.0,0.0,0.0,0.0,0.0,0,0,0
-7.51,1.0,0.0,0.0,0.0,1.0,0.0,0,0,0
-11.49,1.0,0.0,0.0,0.0,0.0,0.0,0,0,0
-3.44,4.0,0.0,0.0,0.0,0.0,0.0,0,0,0
1.03,4.0,0.0,0.0,0.0,0.0,0.0,0,0,0
4.33,3.0,0.0,0.0,0.0,0.0,0.0,0,0,0
5.21,3.0,0.0,0.0,0.0,0.0,0.0,0,0,0
1.21,6.0,0.0,0.0,0.0,0.0,0.0,0,0,0
2.43,3.0,0.0,0.0,0.0,0.0,0.0,0,0,0
1.48,8.0,0.0,0.0,0.0,0.0,0.0,0,0,0
0.68,5.0,0.0,0.0,0.0,0.0,0.0,0,0,0
1.81,6.0,0.0,0.0,0.0,0.0,0.0,0,0,0
-1.17,2.0,0.0,0.0,0.0,0.0,0.0,0,0,0
0.45,3.0,0.0,0.0,0.0,0.0,0.0,0,0,0
0.46,2.0,0.0,0.0,0.0,0.0,0.0,0,0,0
1.58,5.0,0.0,0.0,0.0,0.0,0.0,0,0,0
3.14,6.0,0.0,0.0,0.0,0.0,0.0,0,0,0
7.21,7.0,0.0,0.0,0.0,0.0,0.0,0,0,0
3.3,4.0,0.0,0.0,0.0,0.0,0.0,1,0,1
0.25,7.0,0.0,0.0,0.0,0.0,0.0,0,0,0
-1.24,2.0,0.0,0.0,0.0,0.0,0.0,0,0,0
46.22,5.0,0.0,0.0,0.0,0.0,4.0,0,0,0
7.68,5.0,0.0,0.0,0.0,0.0,0.0,0,0,0
2.9,6.0,0.0,0.0,0.0,0.0,0.0,0,0,0
16.64,5.0,0.0,0.0,0.0,0.0,0.0,0,0,0
32.64,8.0,0.0,0.0,0.0,0.0,0.0,1,1,0
9.33,8.0,0.0,0.0,0.0,0.0,0.0,0,0,0
-0.12,1.0,0.0,0.0,0.0,0.0,4.0,1,1,0
0.75,6.0,0.0,0.0,0.0,0.0,0.0,0,0,0
4.03,6.0,0.0,0.0,0.0,0.0,0.0,0,0,0
1.84,9.0,0.0,0.0,0.0,0.0,0.0,0,0,0
9.29,5.0,0.0,0.0,0.0,0.0,0.0,0,0,0
0.78,6.0,0.0,0.0,0.0,0.0,0.0,0,0,0
3.88,8.0,0.0,0.0,0.0,0.0,0.0,0,0,0
-17.93,2.0,0.0,0.0,0.0,0.0,0.0,1,1,1
0.26,2.0,0.0,0.0,0.0,0.0,0.0,0,0,0
8.41,6.0,0.0,0.0,0.0,0.0,0.0,1,0,0
1.27,7.0,0.0,0.0,0.0,0.0,0.0,1,1,0
4.44,5.0,0.0,0.0,0.0,0.0,0.0,0,0,0
15.31,7.0,0.0,0.0,0.0,0.0,0.0,0,0,0
17.44,7.0,0.0,0.0,0.0,0.0,2.0,0,0,0
-11.15,1.0,0.0,0.0,0.0,0.0,0.0,0,0,0
3.2,2.0,0.0,0.0,0.0,0.0,0.0,0,0,0
6.97,3.0,0.0,0.0,0.0,0.0,0.0,1,1,0
36.47,3.0,0.0,0.0,0.0,0.0,0.0,0,0,0
7.08,8.0,0.0,0.0,0.0,0.0,0.0,0,0,0
35.88,6.0,0.0,0.0,0.0,0.0,0.0,0,0,0
5.26,6.0,0.0,0.0,0.0,0.0,0.0,0,0,0
4.12,6.0,0.0,0.0,0.0,0.0,2.0,0,0,0
9.16,6.0,0.0,0.0,0.0,0.0,0.0,0,0,0
1.39,5.0,0.0,0.0,0.0,0.0,0.0,0,0,0
7.82,7.0,0.0,0.0,0.0,0.0,2.0,0,0,0
0.17,2.0,0.0,0.0,0.0,0.0,0.0,0,0,0
2.79,6.0,0.0,0.0,0.0,0.0,0.0,0,0,0
2.46,4.0,0.0,0.0,0.0,0.0,0.0,0,0,0
110.31,1.0,0.0,0.0,0.0,0.0,0.0,0,0,0
3.06,7.0,0.0,0.0,0.0,0.0,0.0,1,1,0
1.37,5.0,0.0,0.0,0.0,0.0,0.0,0,0,0
5.72,6.0,0.0,0.0,0.0,0.0,0.0,1,1,0
1.67,4.0,0.0,0.0,0.0,0.0,0.0,0,0,0
2.05,4.0,0.0,0.0,0.0,0.0,0.0,0,0,0
7.17,7.0,0.0,0.0,0.0,0.0,0.0,1,0,0
2.46,3.0,0.0,0.0,0.0,0.0,0.0,0,0,0
-1.23,4.0,0.0,0.0,0.0,0.0,0.0,0,0,0
5.15,8.0,0.0,0.0,0.0,0.0,0.0,0,0,0
3.78,7.0,0.0,0.0,0.0,0.0,0.0,0,0,0
0.03,4.0,0.0,0.0,0.0,0.0,0.0,0,0,0
1.42,6.0,0.0,0.0,0.0,0.0,0.0,0,0,0
1.07,8.0,0.0,0.0,1.0,1.0,2.0,0,0,0
3.34,5.0,0.0,0.0,0.0,0.0,0.0,1,0,0
0.01,4.0,0.0,0.0,0.0,0.0,0.0,0,0,0
4.52,6.0,0.0,0.0,0.0,0.0,0.0,0,0,0
3.78,8.0,0.0,0.0,0.0,0.0,6.0,1,0,0
4.64,8.0,0.0,0.0,0.0,0.0,0.0,0,0,0
3.33,3.0,0.0,0.0,0.0,0.0,0.0,0,0,0
8.81,5.0,0.0,0.0,0.0,0.0,0.0,0,0,0
10.13,2.0,0.0,0.0,0.0,0.0,0.0,0,0,0
-160.47,3.0,0.0,0.0,0.0,0.0,0.0,0,0,0
6.33,4.0,0.0,0.0,0.0,0.0,0.0,0,0,0
5.39,8.0,0.0,0.0,0.0,0.0,0.0,1,1,0
-0.51,2.0,0.0,0.0,0.0,0.0,0.0,0,0,0
2.72,3.0,0.0,0.0,0.0,0.0,0.0,1,0,1
1.69,7.0,0.0,0.0,0.0,0.0,0.0,0,0,0
2.68,4.0,0.0,0.0,0.0,0.0,0.0,1,1,0
-2.15,3.0,0.0,0.0,0.0,0.0,0.0,0,0,0
2.99,8.0,0.0,0.0,0.0,0.0,0.0,0,0,0
0.42,3.0,0.0,0.0,0.0,0.0,0.0,0,0,0
2.21,5.0,0.0,0.0,0.0,0.0,5.0,1,0,0
5.26,8.0,0.0,0.0,0.0,0.0,0.0,0,0,0
2.1,7.0,0.0,0.0,0.0,0.0,0.0,0,0,0
-18.09,2.0,0.0,0.0,0.0,0.0,0.0,0,0,0
3.92,7.0,0.0,0.0,0.0,0.0,0.0,1,0,0
1.49,7.0,0.0,0.0,0.0,0.0,0.0,0,0,0
-4.74,2.0,0.0,0.0,0.0,0.0,0.0,0,0,0
1.8,5.0,0.0,0.0,0.0,0.0,0.0,0,0,0
8.46,8.0,0.0,0.0,0.0,0.0,0.0,0,0,0
3.11,5.0,0.0,0.0,0.0,0.0,0.0,0,0,0
3.1,3.0,0.0,0.0,0.0,0.0,0.0,0,0,0
-1.72,5.0,0.0,0.0,0.0,0.0,0.0,0,0,0
2.16,8.0,0.0,0.0,0.0,0.0,0.0,0,0,0
-32.86,3.0,0.0,0.0,0.0,0.0,0.0,0,0,0
1.44,5.0,0.0,0.0,0.0,0.0,0.0,0,0,0
0.93,3.0,0.0,0.0,0.0,0.0,0.0,0,0,0
-0.93,3.0,0.0,0.0,0.0,0.0,0.0,0,0,0
1.89,7.0,0.0,0.0,0.0,0.0,0.0,0,0,0
6.71,7.0,0.0,0.0,0.0,0.0,0.0,0,0,0
-0.16,5.0,0.0,0.0,0.0,0.0,0.0,0,0,0
1.64,5.0,0.0,0.0,0.0,0.0,5.0,1,0,1
1.26,7.0,0.0,0.0,0.0,0.0,0.0,0,0,0
2.2,6.0,0.0,0.0,0.0,0.0,0.0,0,0,0
4.82,7.0,0.0,0.0,0.0,0.0,2.0,1,1,0
21.86,4.0,0.0,0.0,0.0,0.0,0.0,0,0,0
3.93,6.0,0.0,0.0,0.0,0.0,0.0,0,0,0
7.48,8.0,0.0,0.0,0.0,0.0,0.0,0,0,0
2.75,6.0,0.0,0.0,0.0,0.0,0.0,0,0,0
19.44,6.0,0.0,0.0,0.0,0.0,0.0,0,0,0
3.47,5.0,0.0,0.0,0.0,0.0,2.0,1,0,1
0.98,5.0,0.0,0.0,0.0,0.0,0.0,0,0,0
10.24,6.0,0.0,0.0,0.0,0.0,0.0,0,0,0
4.31,8.0,0.0,0.0,0.0,0.0,0.0,0,0,0
-3.34,3.0,0.0,0.0,0.0,0.0,0.0,0,0,0
0.21,4.0,0.0,0.0,0.0,0.0,0.0,0,0,0
3.46,7.0,0.0,0.0,0.0,0.0,2.0,1,0,1
1.86,7.0,0.0,0.0,0.0,0.0,3.0,1,0,1
21.65,5.0,0.0,0.0,0.0,0.0,0.0,0,0,0
0.22,5.0,0.0,0.0,0.0,0.0,1.0,0,0,0
3.09,4.0,0.0,0.0,0.0,0.0,0.0,0,0,0
-9.18,2.0,0.0,0.0,0.0,0.0,0.0,0,0,0
-0.65,4.0,0.0,0.0,0.0,0.0,0.0,0,0,0
1.28,3.0,0.0,0.0,0.0,0.0,0.0,1,0,0
2.74,7.0,0.0,0.0,0.0,0.0,0.0,0,0,0
-2.04,4.0,0.0,0.0,0.0,0.0,0.0,0,0,0
4.87,3.0,0.0,0.0,0.0,0.0,0.0,0,0,0
3.34,4.0,0.0,0.0,0.0,0.0,0.0,0,0,0
6.77,7.0,0.0,0.0,0.0,0.0,0.0,0,0,0
6.34,4.0,0.0,0.0,0.0,0.0,0.0,0,0,0
3.57,7.0,0.0,0.0,0.0,0.0,2.0,1,0,0
-0.02,1.0,0.0,0.0,0.0,0.0,0.0,0,0,0
2.72,7.0,0.0,0.0,0.0,0.0,0.0,1,0,0
7.18,8.0,0.0,0.0,0.0,0.0,4.0,1,0,0
6.0,8.0,0.0,0.0,0.0,0.0,4.0,1,0,1
1.77,6.0,0.0,0.0,0.0,0.0,0.0,0,0,0
1.88,6.0,0.0,0.0,0.0,0.0,0.0,0,0,0
2.17,5.0,0.0,0.0,0.0,0.0,3.0,1,0,0
1.97,6.0,0.0,0.0,0.0,1.0,0.0,0,0,0
-1.26,4.0,0.0,0.0,0.0,0.0,0.0,0,0,0
2.95,8.0,0.0,0.0,0.0,0.0,0.0,1,1,0
2.29,5.0,0.0,0.0,0.0,0.0,0.0,0,0,0
-15.13,3.0,0.0,0.0,0.0,0.0,0.0,0,0,0
1.97,6.0,0.0,0.0,0.0,0.0,0.0,0,0,0
1.65,6.0,0.0,0.0,0.0,0.0,2.0,1,0,1
3.14,7.0,0.0,0.0,0.0,0.0,0.0,0,0,0
1.27,2.0,0.0,0.0,0.0,0.0,0.0,0,0,0
3.42,3.0,0.0,0.0,0.0,0.0,0.0,0,0,0
2.56,7.0,0.0,0.0,0.0,0.0,4.0,1,0,1
0.71,6.0,0.0,0.0,0.0,0.0,2.0,1,1,1
14.5,9.0,0.0,0.0,0.0,0.0,0.0,1,1,0
1.94,7.0,0.0,0.0,0.0,0.0,2.0,1,1,0
1.62,7.0,0.0,0.0,0.0,0.0,2.0,1,1,0
5.18,8.0,0.0,0.0,0.0,0.0,2.0,0,0,0
2.73,6.0,0.0,0.0,0.0,0.0,0.0,0,0,0
-3.23,2.0,0.0,0.0,0.0,0.0,0.0,0,0,0
4.3,7.0,0.0,0.0,0.0,0.0,0.0,0,0,0
2.11,3.0,0.0,0.0,0.0,0.0,0.0,0,0,0
11.1,5.0,0.0,0.0,0.0,0.0,0.0,1,0,1
0.85,4.0,0.0,0.0,0.0,0.0,0.0,0,0,0
2.23,8.0,0.0,0.0,0.0,0.0,0.0,0,0,0
7.65,5.0,0.0,0.0,0.0,0.0,0.0,0,0,0
2.19,7.0,0.0,0.0,0.0,0.0,0.0,0,0,0
-1.24,3.0,0.0,0.0,0.0,0.0,0.0,0,0,0
1.5,3.0,0.0,0.0,0.0,0.0,0.0,0,0,0
1.1,6.0,0.0,0.0,0.0,0.0,0.0,0,0,0
1.26,8.0,0.0,0.0,0.0,0.0,4.0,1,1,0
6.51,4.0,0.0,0.0,0.0,0.0,0.0,0,0,0
5.04,8.0,0.0,0.0,0.0,0.0,2.0,0,0,0
2.34,7.0,0.0,0.0,0.0,0.0,0.0,0,0,0
4.74,7.0,0.0,0.0,0.0,0.0,0.0,0,0,0
1.57,4.0,0.0,0.0,0.0,0.0,0.0,1,1,0
1.0,4.0,0.0,0.0,0.0,0.0,0.0,0,0,0
-8.44,3.0,0.0,0.0,0.0,0.0,0.0,0,0,0
3.76,6.0,0.0,0.0,0.0,0.0,0.0,1,0,1
4.3,4.0,0.0,0.0,0.0,0.0,0.0,0,0,0
1.9,6.0,0.0,0.0,1.0,1.0,4.0,1,1,0
-0.56,4.0,0.0,0.0,0.0,0.0,0.0,0,0,0
0.46,3.0,0.0,0.0,0.0,0.0,0.0,1,1,0
0.79,5.0,0.0,0.0,0.0,0.0,0.0,0,0,0
-21.33,2.0,0.0,0.0,0.0,0.0,0.0,0,0,0
0.7,6.0,0.0,0.0,0.0,0.0,0.0,0,0,0
1.55,6.0,0.0,0.0,0.0,0.0,0.0,1,1,0
4.29,8.0,0.0,0.0,1.0,1.0,0.0,1,1,0
8.39,2.0,0.0,0.0,0.0,0.0,0.0,0,0,0
3.79,7.0,0.0,0.0,0.0,0.0,0.0,0,0,0
1.84,6.0,0.0,0.0,0.0,0.0,0.0,0,0,0
1.86,7.0,0.0,0.0,0.0,0.0,3.0,1,0,1
0.06,5.0,0.0,0.0,0.0,0.0,0.0,0,0,0
6.72,7.0,0.0,0.0,0.0,0.0,2.0,1,1,0
3.44,5.0,0.0,0.0,0.0,0.0,0.0,1,0,0
-4.08,6.0,0.0,0.0,0.0,0.0,0.0,0,0,0
2.13,8.0,0.0,0.0,0.0,0.0,0.0,0,0,0
3.38,5.0,0.0,0.0,0.0,0.0,0.0,0,0,0
3.44,3.0,0.0,0.0,0.0,0.0,0.0,1,1,0
-115.63,2.0,0.0,0.0,0.0,0.0,0.0,0,0,0
0.54,5.0,0.0,0.0,0.0,0.0,0.0,0,0,0
0.68,3.0,0.0,0.0,0.0,0.0,0.0,0,0,0
1.05,4.0,0.0,0.0,0.0,0.0,0.0,0,0,0
2.6,7.0,0.0,0.0,0.0,0.0,0.0,0,0,0
-0.56,6.0,0.0,0.0,0.0,0.0,0.0,0,0,0
6.29,7.0,0.0,0.0,0.0,0.0,0.0,0,0,0
1.4,8.0,0.0,0.0,0.0,0.0,0.0,0,0,0
-5.71,3.0,0.0,0.0,0.0,0.0,0.0,0,0,0
2.35,6.0,0.0,0.0,0.0,0.0,0.0,0,0,0
0.55,5.0,0.0,0.0,0.0,0.0,0.0,0,0,0
5.87,9.0,0.0,0.0,0.0,0.0,0.0,1,1,0
1.66,5.0,0.0,0.0,0.0,0.0,0.0,0,0,0
1.56,6.0,0.0,1.0,0.0,0.0,0.0,0,0,0
1.47,8.0,0.0,0.0,0.0,0.0,4.0,1,0,1
7.49,5.0,0.0,0.0,0.0,0.0,0.0,1,1,0
1.55,3.0,0.0,0.0,0.0,0.0,0.0,0,0,0
-5.1,3.0,0.0,0.0,0.0,0.0,0.0,0,0,0
0.93,6.0,0.0,0.0,0.0,0.0,0.0,0,0,0
1.21,6.0,0.0,0.0,0.0,0.0,1.0,0,0,0
2.54,8.0,0.0,0.0,0.0,0.0,0.0,1,0,0
0.83,5.0,0.0,0.0,0.0,0.0,0.0,0,0,0
-6.6,4.0,0.0,0.0,0.0,0.0,0.0,0,0,0
2.88,7.0,0.0,0.0,0.0,0.0,0.0,0,0,0
1.63,3.0,0.0,0.0,0.0,0.0,2.0,1,1,0
18.33,1.0,0.0,0.0,0.0,0.0,0.0,0,0,0
-6.25,1.0,0.0,0.0,0.0,0.0,0.0,1,1,0
-3.22,5.0,0.0,0.0,0.0,0.0,0.0,0,0,0
2.77,7.0,0.0,0.0,0.0,0.0,0.0,0,0,0
3.02,4.0,0.0,0.0,0.0,0.0,0.0,0,0,0
6.98,9.0,0.0,0.0,0.0,0.0,0.0,0,0,0
4.67,6.0,0.0,0.0,0.0,0.0,0.0,0,0,0
3.6,7.0,0.0,0.0,0.0,0.0,0.0,0,0,0
2.08,6.0,0.0,0.0,0.0,0.0,0.0,0,0,0
-0.03,5.0,0.0,0.0,0.0,0.0,2.0,1,1,0
7.48,7.0,0.0,0.0,0.0,0.0,0.0,0,0,0
2.82,5.0,0.0,0.0,0.0,0.0,0.0,0,0,0
2.45,5.0,0.0,0.0,0.0,0.0,2.0,0,0,0
1.59,8.0,0.0,0.0,0.0,0.0,2.0,1,0,1
1.11,4.0,0.0,0.0,0.0,1.0,2.0,1,0,1
1.66,4.0,0.0,0.0,0.0,0.0,0.0,0,0,0
0.57,6.0,0.0,0.0,0.0,0.0,0.0,0,0,0
-37.07,4.0,0.0,0.0,0.0,0.0,0.0,0,0,0
-0.39,4.0,0.0,0.0,0.0,0.0,0.0,0,0,0
1.27,3.0,0.0,0.0,0.0,0.0,0.0,0,0,0
8.98,5.0,0.0,0.0,0.0,0.0,0.0,0,0,0
0.85,6.0,0.0,0.0,0.0,0.0,0.0,0,0,0
2.68,6.0,0.0,0.0,0.0,0.0,2.0,0,0,0
15.32,3.0,0.0,0.0,0.0,0.0,0.0,0,0,0
-63.04,4.0,0.0,0.0,0.0,0.0,0.0,0,0,0
-4.91,6.0,0.0,0.0,0.0,0.0,0.0,0,0,0
2.95,5.0,0.0,0.0,0.0,0.0,2.0,1,1,0
0.41,3.0,0.0,0.0,0.0,0.0,0.0,0,0,0
-0.26,5.0,0.0,0.0,0.0,0.0,0.0,0,0,0
3.23,3.0,0.0,0.0,0.0,0.0,0.0,0,0,0
0.29,7.0,0.0,0.0,0.0,0.0,0.0,0,0,0
1.48,7.0,0.0,1.0,1.0,1.0,0.0,1,1,1
-0.4,5.0,0.0,0.0,0.0,0.0,0.0,0,0,0
3.3,7.0,0.0,0.0,0.0,0.0,0.0,0,0,0
10.62,4.0,0.0,0.0,0.0,0.0,0.0,0,0,0
0.95,8.0,0.0,0.0,0.0,0.0,0.0,1,0,1
1.35,7.0,0.0,0.0,0.0,0.0,0.0,0,0,0
0.42,7.0,0.0,0.0,0.0,0.0,0.0,0,0,0
29.35,1.0,0.0,0.0,0.0,0.0,0.0,0,0,0
2.52,6.0,0.0,0.0,0.0,1.0,0.0,1,0,0
1.88,7.0,0.0,0.0,0.0,0.0,0.0,0,0,0
22.38,6.0,0.0,0.0,0.0,0.0,0.0,1,1,0
1.79,1.0,0.0,0.0,0.0,0.0,0.0,0,0,0
1.17,1.0,0.0,0.0,0.0,0.0,0.0,0,0,0
2.01,3.0,0.0,0.0,0.0,0.0,2.0,0,0,0
2.41,3.0,0.0,0.0,0.0,0.0,0.0,0,0,0
7.96,6.0,0.0,0.0,0.0,0.0,0.0,0,0,0
2.08,7.0,0.0,0.0,0.0,0.0,0.0,0,0,0
3.0,6.0,0.0,0.0,0.0,0.0,0.0,0,0,0
-6.05,1.0,0.0,0.0,0.0,0.0,0.0,0,0,0
5.05,5.0,0.0,0.0,0.0,1.0,0.0,1,0,0
2.92,4.0,0.0,0.0,0.0,0.0,0.0,0,0,0
2.45,6.0,0.0,0.0,0.0,0.0,0.0,0,0,0
-5.8,2.0,0.0,0.0,0.0,0.0,0.0,0,0,0
3.06,6.0,0.0,0.0,1.0,0.0,7.0,1,0,1
-28.39,4.0,0.0,0.0,0.0,0.0,0.0,1,1,1
-6.2,2.0,0.0,0.0,0.0,0.0,0.0,0,0,0
0.24,4.0,0.0,0.0,0.0,0.0,0.0,0,0,0
2.09,7.0,0.0,0.0,0.0,0.0,0.0,0,0,1
1.63,7.0,0.0,0.0,0.0,0.0,5.0,1,1,0
3.47,5.0,0.0,0.0,0.0,0.0,0.0,0,0,0
11.05,5.0,0.0,0.0,0.0,0.0,0.0,0,0,0
11.77,5.0,0.0,0.0,0.0,0.0,0.0,0,0,0
-9.3,2.0,0.0,0.0,0.0,0.0,0.0,0,0,0
-3.38,2.0,0.0,0.0,0.0,0.0,0.0,0,0,0
-6.53,2.0,0.0,0.0,0.0,0.0,0.0,0,0,0
5.81,7.0,0.0,0.0,0.0,0.0,0.0,1,1,0
3.41,8.0,0.0,0.0,0.0,0.0,2.0,0,0,0
1.85,5.0,0.0,0.0,0.0,1.0,2.0,1,1,0
1.33,4.0,0.0,0.0,0.0,0.0,2.0,1,1,1
1.45,6.0,0.0,0.0,0.0,0.0,1.0,1,1,0
-31.71,2.0,0.0,0.0,0.0,0.0,0.0,0,0,0
-0.15,5.0,0.0,0.0,0.0,0.0,2.0,1,0,0
-243.92,3.0,0.0,0.0,0.0,0.0,0.0,0,0,0
4.13,8.0,0.0,0.0,0.0,0.0,0.0,0,0,0
-5.64,4.0,0.0,0.0,0.0,0.0,0.0,0,0,0
5.93,5.0,0.0,0.0,0.0,0.0,0.0,0,0,0
3.64,7.0,0.0,0.0,0.0,0.0,0.0,0,0,0
4.37,6.0,0.0,0.0,0.0,0.0,0.0,0,0,0
1.65,4.0,0.0,0.0,0.0,0.0,0.0,0,0,0
-24.48,4.0,0.0,0.0,0.0,0.0,0.0,0,0,0
17.51,4.0,0.0,0.0,0.0,0.0,0.0,0,0,0
7.35,7.0,0.0,0.0,0.0,0.0,0.0,0,0,0
6.37,5.0,0.0,0.0,0.0,0.0,0.0,1,1,0
2.51,8.0,0.0,0.0,0.0,0.0,0.0,0,0,0
-8.57,4.0,0.0,0.0,0.0,0.0,0.0,0,0,0
-5.57,4.0,0.0,0.0,0.0,0.0,0.0,0,0,0
4.52,7.0,0.0,0.0,0.0,0.0,0.0,0,0,0
4.27,6.0,0.0,0.0,0.0,0.0,0.0,1,1,0
3.36,8.0,0.0,0.0,0.0,0.0,2.0,1,1,1
11.75,3.0,0.0,0.0,0.0,0.0,0.0,1,1,1
-8.89,3.0,0.0,0.0,0.0,0.0,0.0,0,0,0
18.52,7.0,0.0,0.0,0.0,0.0,0.0,0,0,0
2.12,6.0,0.0,0.0,0.0,1.0,4.0,1,0,1
0.01,4.0,0.0,0.0,0.0,0.0,0.0,0,0,0
2.04,2.0,0.0,0.0,0.0,0.0,0.0,0,0,0
0.95,5.0,0.0,0.0,0.0,0.0,0.0,0,0,0
0.46,7.0,0.0,0.0,0.0,0.0,0.0,1,1,0
3.25,7.0,0.0,0.0,0.0,0.0,0.0,0,0,0
1.15,3.0,0.0,0.0,0.0,0.0,0.0,0,0,0
4.34,8.0,0.0,0.0,0.0,0.0,0.0,0,0,0
22.55,3.0,0.0,0.0,0.0,0.0,0.0,0,0,0
5.94,8.0,0.0,0.0,0.0,0.0,7.0,1,0,1
2.88,5.0,0.0,0.0,0.0,0.0,0.0,0,0,0
-1.93,1.0,0.0,0.0,0.0,0.0,0.0,0,0,0
-2.78,2.0,0.0,0.0,0.0,0.0,0.0,0,0,0
12.13,8.0,0.0,0.0,0.0,0.0,0.0,0,0,0
4.88,7.0,0.0,0.0,0.0,0.0,4.0,1,1,0
7.44,4.0,0.0,0.0,0.0,0.0,0.0,0,0,0
9.17,3.0,0.0,0.0,0.0,0.0,0.0,0,0,0
-3.6,4.0,0.0,0.0,0.0,0.0,0.0,0,0,0
2.19,6.0,0.0,0.0,0.0,0.0,0.0,0,0,0
-8.83,2.0,0.0,0.0,0.0,0.0,0.0,0,0,0
3.16,9.0,0.0,0.0,0.0,0.0,1.0,1,1,0
4.36,8.0,0.0,0.0,0.0,0.0,0.0,0,0,0
2.87,5.0,0.0,0.0,0.0,0.0,0.0,0,0,0
3.93,7.0,0.0,0.0,0.0,0.0,2.0,1,0,0
5.21,8.0,0.0,0.0,0.0,0.0,0.0,0,0,0
5.53,3.0,0.0,0.0,0.0,0.0,0.0,0,0,0
-3.8,4.0,0.0,0.0,0.0,0.0,0.0,0,0,0
9.92,6.0,0.0,0.0,0.0,0.0,0.0,0,0,0
1.65,4.0,0.0,0.0,0.0,0.0,0.0,0,0,0
3.75,4.0,0.0,0.0,0.0,0.0,5.0,0,0,0
5.37,7.0,0.0,0.0,0.0,0.0,0.0,0,0,0
-27.4,2.0,0.0,0.0,0.0,0.0,0.0,0,0,0
47.01,4.0,0.0,0.0,0.0,0.0,0.0,0,0,0
0.92,5.0,0.0,0.0,0.0,0.0,0.0,0,0,0
2.11,5.0,0.0,0.0,0.0,0.0,0.0,0,0,0
3.97,4.0,0.0,0.0,0.0,0.0,0.0,0,0,0
4.3,7.0,0.0,0.0,0.0,0.0,0.0,1,1,0
-7.17,3.0,0.0,0.0,0.0,0.0,0.0,0,0,0
-13.83,3.0,0.0,0.0,0.0,0.0,0.0,0,0,0
-6.01,4.0,0.0,0.0,0.0,0.0,0.0,0,0,0
0.23,3.0,0.0,0.0,0.0,0.0,0.0,0,0,0
2.49,7.0,0.0,0.0,0.0,0.0,0.0,0,0,0
-4.73,2.0,0.0,0.0,0.0,0.0,0.0,0,0,0
-1.31,6.0,0.0,0.0,0.0,0.0,0.0,0,0,0
5.88,4.0,0.0,0.0,0.0,0.0,0.0,0,0,0
-20.22,3.0,0.0,0.0,0.0,0.0,0.0,0,0,0
-2.64,3.0,0.0,0.0,0.0,0.0,0.0,0,0,0
6.24,6.0,0.0,0.0,0.0,0.0,0.0,0,0,0
8.66,4.0,0.0,0.0,0.0,0.0,0.0,0,0,0
2.87,5.0,0.0,0.0,0.0,0.0,0.0,0,0,0
2.85,7.0,0.0,0.0,0.0,0.0,0.0,0,0,0
3.34,6.0,0.0,0.0,0.0,0.0,0.0,0,0,0
-2.23,5.0,0.0,0.0,0.0,0.0,0.0,0,0,0
-0.54,4.0,0.0,0.0,0.0,0.0,0.0,0,0,0
-4.0,4.0,0.0,0.0,0.0,1.0,0.0,0,0,0
-4.49,4.0,0.0,0.0,0.0,0.0,0.0,0,0,0
1.97,3.0,0.0,0.0,0.0,0.0,0.0,0,0,0
4.19,6.0,0.0,0.0,0.0,0.0,0.0,1,1,1
-21.24,3.0,0.0,0.0,0.0,0.0,0.0,0,0,0
-75.48,2.0,0.0,0.0,0.0,0.0,0.0,0,0,0
0.89,7.0,0.0,0.0,0.0,0.0,3.0,0,0,0
5.72,6.0,0.0,0.0,0.0,0.0,1.0,1,0,0
5.93,5.0,0.0,0.0,0.0,0.0,3.0,1,0,1
-1.45,5.0,0.0,0.0,0.0,0.0,0.0,0,0,0
11.62,2.0,0.0,0.0,0.0,0.0,0.0,0,0,0
2.1,6.0,0.0,0.0,0.0,0.0,3.0,1,0,1
6.95,3.0,0.0,0.0,0.0,0.0,0.0,0,0,0
2.48,6.0,0.0,0.0,0.0,0.0,0.0,0,0,0
2.14,7.0,0.0,0.0,0.0,1.0,2.0,1,0,0
0.51,7.0,0.0,0.0,0.0,0.0,0.0,0,0,0
13.34,7.0,0.0,0.0,0.0,1.0,2.0,1,0,0
2.19,3.0,0.0,0.0,0.0,0.0,0.0,0,0,0
1.83,7.0,0.0,0.0,0.0,0.0,0.0,0,0,0
3.24,8.0,0.0,0.0,0.0,0.0,0.0,0,0,0
6.76,4.0,0.0,0.0,0.0,0.0,0.0,0,0,0
1.76,5.0,0.0,0.0,0.0,0.0,0.0,1,1,1
-15.73,3.0,0.0,0.0,0.0,0.0,0.0,0,0,0
5.09,7.0,0.0,0.0,0.0,0.0,2.0,1,0,0
-0.08,5.0,0.0,0.0,0.0,0.0,5.0,1,1,0
4.18,5.0,0.0,0.0,0.0,0.0,2.0,1,1,1
-2.73,4.0,0.0,0.0,0.0,0.0,0.0,0,0,0
16.27,7.0,0.0,0.0,0.0,0.0,0.0,0,0,0
2.77,3.0,0.0,0.0,0.0,0.0,0.0,0,0,0
8.63,4.0,0.0,0.0,0.0,0.0,0.0,0,0,0
-1.58,6.0,0.0,0.0,0.0,0.0,0.0,0,0,0
11.1,7.0,0.0,0.0,0.0,0.0,0.0,1,1,0
1.88,5.0,0.0,0.0,0.0,0.0,7.0,1,1,0
2.9,7.0,0.0,0.0,0.0,0.0,5.0,1,1,0
-2.2,4.0,0.0,0.0,0.0,0.0,0.0,0,0,0
1.22,5.0,0.0,0.0,0.0,0.0,7.0,1,1,0
2.91,6.0,0.0,0.0,0.0,0.0,4.0,1,0,1
0.22,7.0,0.0,0.0,0.0,0.0,0.0,0,0,0
-0.25,3.0,0.0,0.0,0.0,0.0,0.0,0,0,0
1.84,4.0,0.0,0.0,0.0,0.0,0.0,0,0,0
1.74,7.0,0.0,0.0,0.0,0.0,0.0,0,0,0
4.9,8.0,0.0,0.0,0.0,0.0,2.0,1,1,0
3.5,7.0,0.0,0.0,0.0,0.0,0.0,0,0,0
0.72,6.0,0.0,0.0,0.0,0.0,0.0,0,0,0
1.19,6.0,0.0,0.0,0.0,0.0,0.0,0,0,0
-0.41,4.0,0.0,0.0,0.0,0.0,0.0,0,0,0
-0.66,5.0,0.0,0.0,0.0,0.0,0.0,0,0,0
8.21,6.0,0.0,0.0,0.0,0.0,0.0,0,0,0
2.42,8.0,0.0,1.0,1.0,1.0,0.0,0,0,0
3.53,6.0,0.0,0.0,0.0,0.0,0.0,0,0,0
0.64,6.0,0.0,0.0,0.0,0.0,4.0,1,0,0
0.55,6.0,0.0,0.0,0.0,0.0,0.0,1,0,1
2.62,6.0,0.0,0.0,0.0,0.0,0.0,0,0,0
2.06,5.0,0.0,0.0,0.0,0.0,0.0,1,0,1
7.85,1.0,0.0,0.0,0.0,0.0,0.0,0,0,0
8.19,6.0,0.0,0.0,0.0,0.0,0.0,1,0,0
6.17,8.0,0.0,0.0,0.0,0.0,0.0,1,0,1
3.82,7.0,0.0,0.0,0.0,0.0,0.0,0,0,0
0.86,7.0,0.0,0.0,0.0,0.0,0.0,0,0,0
2.01,2.0,0.0,0.0,0.0,0.0,0.0,1,1,0
5.15,7.0,0.0,0.0,0.0,0.0,0.0,1,1,1
1.6,8.0,0.0,0.0,0.0,0.0,3.0,1,1,0
3.46,3.0,0.0,0.0,0.0,0.0,0.0,0,0,0
7.7,8.0,0.0,0.0,0.0,0.0,2.0,1,1,0
1.45,7.0,0.0,0.0,0.0,0.0,0.0,1,1,0
3.14,3.0,0.0,0.0,0.0,0.0,0.0,0,0,0
3.53,5.0,0.0,0.0,0.0,0.0,0.0,0,0,0
0.93,5.0,0.0,0.0,0.0,0.0,5.0,1,0,0
9.56,7.0,0.0,0.0,0.0,0.0,3.0,1,1,1
4.67,7.0,0.0,0.0,0.0,0.0,2.0,1,0,0
0.68,7.0,0.0,0.0,0.0,0.0,0.0,0,0,0
6.37,6.0,0.0,0.0,0.0,0.0,0.0,0,0,0
0.04,8.0,0.0,0.0,0.0,0.0,0.0,0,0,0
-9.18,2.0,0.0,0.0,0.0,0.0,0.0,0,0,0
1.94,6.0,0.0,0.0,0.0,0.0,4.0,1,1,0
6.64,7.0,0.0,0.0,0.0,0.0,0.0,0,0,0
1.43,3.0,0.0,0.0,0.0,0.0,0.0,0,0,0
4.42,4.0,0.0,0.0,0.0,0.0,0.0,1,0,0
-0.06,5.0,0.0,0.0,1.0,1.0,4.0,1,0,0
1.85,7.0,0.0,0.0,0.0,0.0,0.0,0,0,0
3.19,6.0,0.0,0.0,0.0,0.0,0.0,0,0,0
2.5,8.0,0.0,0.0,0.0,0.0,0.0,0,0,0
-6.12,5.0,0.0,0.0,0.0,0.0,0.0,0,0,0
1.67,4.0,0.0,0.0,0.0,0.0,6.0,1,0,1
4.71,8.0,0.0,0.0,0.0,0.0,7.0,1,0,1
3.36,5.0,0.0,0.0,0.0,0.0,2.0,1,0,0
4.16,7.0,0.0,0.0,0.0,0.0,0.0,1,1,0
1.15,7.0,0.0,0.0,0.0,0.0,2.0,1,0,0
11.13,7.0,0.0,0.0,0.0,0.0,0.0,0,0,0
14.99,6.0,0.0,0.0,0.0,0.0,0.0,1,1,0
-0.08,2.0,0.0,0.0,0.0,0.0,0.0,1,1,0
1.68,6.0,0.0,0.0,0.0,0.0,0.0,0,0,0
2.46,7.0,0.0,0.0,0.0,0.0,0.0,1,0,0
1.06,7.0,0.0,0.0,0.0,0.0,7.0,1,1,0
2.67,8.0,0.0,0.0,0.0,0.0,0.0,0,0,0
5.08,8.0,0.0,0.0,0.0,0.0,0.0,0,0,0
6.62,6.0,0.0,0.0,0.0,0.0,0.0,0,0,0
1.93,1.0,0.0,0.0,0.0,0.0,0.0,0,0,0
0.8,4.0,0.0,0.0,0.0,0.0,0.0,1,0,0
2.21,7.0,0.0,0.0,1.0,1.0,6.0,1,1,0
4.26,8.0,0.0,0.0,0.0,1.0,6.0,1,0,0
3.29,6.0,0.0,0.0,0.0,0.0,0.0,0,0,0
0.27,7.0,0.0,0.0,0.0,0.0,0.0,0,0,0
3.21,6.0,0.0,0.0,0.0,0.0,2.0,1,1,0
0.83,6.0,0.0,0.0,0.0,0.0,2.0,1,0,1
3.02,5.0,0.0,0.0,0.0,1.0,6.0,0,0,0
4.1,2.0,0.0,0.0,0.0,0.0,1.0,1,1,0
1.41,5.0,0.0,0.0,0.0,0.0,2.0,1,1,1
1.13,6.0,0.0,0.0,0.0,0.0,0.0,0,0,0
0.66,3.0,0.0,0.0,0.0,0.0,0.0,0,0,0
1.15,3.0,0.0,0.0,0.0,0.0,0.0,0,0,0
2.0,6.0,0.0,0.0,0.0,0.0,2.0,0,0,0
3.31,4.0,0.0,0.0,0.0,0.0,2.0,1,1,0
5.13,4.0,0.0,0.0,0.0,0.0,0.0,0,0,0
1.17,4.0,0.0,0.0,0.0,0.0,4.0,1,1,1
3.2,8.0,0.0,0.0,0.0,0.0,0.0,0,0,0
1.73,7.0,0.0,0.0,0.0,0.0,0.0,0,0,0
5.4,7.0,0.0,0.0,0.0,0.0,4.0,1,1,0
2.28,6.0,0.0,0.0,0.0,0.0,0.0,0,0,0
2.77,5.0,0.0,0.0,0.0,0.0,0.0,0,0,0
3.05,8.0,0.0,0.0,0.0,0.0,0.0,0,0,0
2.51,4.0,0.0,0.0,0.0,0.0,0.0,0,0,0
2.03,5.0,0.0,0.0,0.0,0.0,0.0,1,0,0
3.3,6.0,0.0,0.0,0.0,0.0,0.0,0,0,0
1.79,6.0,0.0,0.0,0.0,0.0,0.0,1,0,0
2.89,6.0,0.0,0.0,0.0,0.0,0.0,1,0,0
1.54,7.0,0.0,0.0,0.0,1.0,0.0,1,0,0
5.78,6.0,0.0,0.0,0.0,0.0,0.0,0,0,0
0.24,5.0,0.0,0.0,0.0,0.0,5.0,1,0,1
4.59,6.0,0.0,0.0,0.0,0.0,0.0,1,0,0
3.93,8.0,0.0,0.0,0.0,0.0,3.0,1,0,0
2.68,5.0,0.0,0.0,0.0,0.0,0.0,1,0,0
3.57,5.0,0.0,0.0,0.0,0.0,0.0,0,0,0
2.28,7.0,0.0,0.0,0.0,0.0,5.0,1,1,0
3.43,7.0,0.0,0.0,0.0,0.0,1.0,1,1,1
4.05,6.0,0.0,0.0,0.0,1.0,4.0,1,0,0
32.42,5.0,0.0,0.0,0.0,0.0,0.0,0,0,0
2.41,7.0,0.0,0.0,0.0,0.0,0.0,0,0,0
-78.67,2.0,0.0,0.0,0.0,0.0,0.0,0,0,0
3.78,4.0,0.0,0.0,0.0,0.0,0.0,0,0,0
4.15,6.0,0.0,0.0,0.0,0.0,0.0,0,0,0
1.32,5.0,0.0,0.0,0.0,0.0,0.0,0,0,0
-0.12,5.0,0.0,0.0,0.0,0.0,0.0,0,0,0
2.82,6.0,0.0,0.0,0.0,0.0,0.0,0,0,0
-0.48,6.0,0.0,0.0,0.0,0.0,0.0,1,0,0
2.48,3.0,0.0,0.0,0.0,0.0,0.0,0,0,0
-9.66,4.0,0.0,0.0,0.0,0.0,0.0,0,0,0
-15.76,2.0,0.0,0.0,0.0,0.0,0.0,0,0,0
2.45,6.0,0.0,0.0,1.0,1.0,2.0,0,0,0
57.39,7.0,0.0,0.0,0.0,0.0,0.0,0,0,0
1.58,4.0,0.0,0.0,0.0,0.0,0.0,0,0,0
-0.31,6.0,0.0,0.0,0.0,1.0,0.0,0,0,0
3.94,8.0,0.0,0.0,0.0,0.0,0.0,0,0,0
5.09,8.0,0.0,0.0,1.0,1.0,8.0,1,1,0
2.8,8.0,0.0,0.0,0.0,0.0,0.0,0,0,0
0.02,7.0,0.0,0.0,0.0,0.0,0.0,0,0,0
3.67,8.0,0.0,0.0,0.0,0.0,0.0,0,0,0
1.94,7.0,0.0,1.0,0.0,0.0,6.0,0,0,0
2.54,7.0,0.0,0.0,0.0,0.0,0.0,1,1,0
2.2,6.0,0.0,0.0,0.0,0.0,0.0,0,0,0
2.0,7.0,0.0,0.0,0.0,0.0,0.0,0,0,0
2.37,9.0,0.0,0.0,0.0,0.0,0.0,0,0,0
2.32,8.0,0.0,1.0,1.0,1.0,2.0,1,1,0
3.49,7.0,0.0,0.0,0.0,0.0,0.0,0,0,0
12.55,7.0,0.0,0.0,0.0,0.0,4.0,1,0,0
2.28,7.0,0.0,0.0,0.0,0.0,0.0,0,0,0
1.1,6.0,0.0,0.0,0.0,0.0,0.0,0,0,0
-6.89,4.0,0.0,0.0,0.0,0.0,4.0,0,0,0
-8.28,2.0,0.0,0.0,0.0,0.0,0.0,0,0,0
-0.02,5.0,0.0,0.0,0.0,0.0,0.0,0,0,0
5.1,5.0,0.0,0.0,0.0,0.0,0.0,0,0,0
2.37,3.0,0.0,0.0,0.0,0.0,0.0,0,0,0
2.39,7.0,0.0,0.0,0.0,0.0,0.0,1,1,0
17.16,6.0,0.0,0.0,0.0,0.0,10.0,1,1,0
4.76,4.0,0.0,0.0,0.0,0.0,0.0,0,0,0
4.97,6.0,0.0,0.0,0.0,0.0,0.0,1,0,0
6.8,7.0,0.0,0.0,0.0,0.0,0.0,0,0,0
1.69,7.0,0.0,0.0,0.0,0.0,0.0,0,0,0
1.97,5.0,0.0,0.0,0.0,0.0,0.0,0,0,0
4.35,6.0,0.0,0.0,0.0,1.0,0.0,1,0,0
0.85,7.0,0.0,0.0,0.0,0.0,0.0,0,0,0
-0.89,7.0,0.0,0.0,0.0,0.0,0.0,0,0,0
1.64,4.0,0.0,0.0,0.0,0.0,0.0,0,0,0
4.77,6.0,0.0,0.0,0.0,0.0,0.0,0,0,0
-0.77,4.0,0.0,0.0,0.0,0.0,0.0,0,0,0
2.08,3.0,0.0,0.0,0.0,0.0,0.0,0,0,0
-3.7,4.0,0.0,0.0,0.0,0.0,0.0,0,0,0
-4.31,3.0,0.0,0.0,0.0,0.0,0.0,0,0,0
2.72,5.0,0.0,0.0,0.0,0.0,0.0,0,0,0
2.51,7.0,0.0,0.0,0.0,0.0,0.0,0,0,0
5.03,6.0,0.0,0.0,0.0,0.0,0.0,0,0,0
-3.84,3.0,0.0,0.0,0.0,0.0,0.0,0,0,0
0.58,5.0,0.0,0.0,0.0,0.0,0.0,0,0,0
7.52,5.0,0.0,0.0,0.0,0.0,0.0,1,1,0
14.33,4.0,0.0,0.0,0.0,0.0,2.0,1,1,1
5.81,3.0,0.0,0.0,0.0,0.0,0.0,0,0,0
2.99,8.0,0.0,0.0,0.0,0.0,2.0,1,0,0
0.94,5.0,0.0,0.0,0.0,0.0,0.0,0,0,0
0.91,3.0,0.0,1.0,0.0,1.0,1.0,0,0,0
2.84,8.0,0.0,0.0,0.0,0.0,2.0,1,0,0
1.98,5.0,0.0,0.0,0.0,0.0,2.0,1,1,0
2.82,7.0,0.0,0.0,0.0,0.0,0.0,1,0,1
3.32,9.0,0.0,0.0,0.0,0.0,0.0,0,0,0
3.86,2.0,0.0,0.0,0.0,0.0,0.0,0,0,0
1.57,8.0,0.0,0.0,0.0,0.0,0.0,0,0,0
1.14,7.0,0.0,0.0,0.0,0.0,0.0,0,0,0
-0.23,5.0,0.0,0.0,1.0,1.0,3.0,1,1,0
0.89,6.0,0.0,0.0,0.0,0.0,0.0,0,0,0
3.59,7.0,0.0,0.0,0.0,0.0,0.0,1,1,0
0.09,7.0,0.0,0.0,0.0,0.0,0.0,0,0,0
3.43,7.0,0.0,0.0,0.0,0.0,2.0,1,0,0
0.43,2.0,0.0,0.0,1.0,0.0,7.0,1,0,1
5.05,6.0,0.0,0.0,0.0,0.0,4.0,1,1,0
5.53,9.0,0.0,0.0,0.0,0.0,0.0,0,0,0
3.5,8.0,0.0,0.0,0.0,0.0,2.0,1,1,0
18.45,5.0,0.0,0.0,0.0,0.0,0.0,0,0,0
4.47,7.0,0.0,0.0,1.0,1.0,5.0,1,1,0
2.29,4.0,0.0,0.0,0.0,0.0,0.0,0,0,0
-4.41,2.0,0.0,0.0,0.0,0.0,0.0,0,0,0
11.58,5.0,0.0,0.0,0.0,0.0,0.0,0,0,0
-3.29,1.0,0.0,0.0,0.0,0.0,0.0,0,0,0
5.21,3.0,0.0,0.0,0.0,0.0,0.0,0,0,0
-0.7,2.0,0.0,0.0,0.0,0.0,0.0,0,0,0
1.87,2.0,0.0,0.0,0.0,0.0,0.0,0,0,0
3.21,6.0,0.0,0.0,0.0,0.0,0.0,0,0,0
2.27,8.0,0.0,0.0,0.0,0.0,0.0,1,0,0
0.55,3.0,0.0,0.0,0.0,0.0,0.0,0,0,0
-6.59,1.0,0.0,0.0,0.0,0.0,0.0,0,0,0
0.23,3.0,0.0,0.0,0.0,0.0,0.0,0,0,0
9.61,4.0,0.0,0.0,0.0,0.0,7.0,0,0,1
-10.98,3.0,0.0,0.0,0.0,0.0,0.0,0,0,0
5.46,6.0,0.0,0.0,0.0,0.0,0.0,1,1,0
1.58,6.0,0.0,0.0,0.0,0.0,0.0,0,0,0
1.26,3.0,0.0,0.0,0.0,0.0,0.0,0,0,0
-0.8,2.0,0.0,0.0,0.0,0.0,0.0,0,0,0
2.4,2.0,0.0,0.0,0.0,0.0,0.0,0,0,0
0.63,6.0,0.0,0.0,0.0,0.0,5.0,1,1,0
10.18,7.0,0.0,0.0,0.0,0.0,0.0,0,0,0
4.01,5.0,0.0,0.0,1.0,1.0,4.0,1,1,0
3.97,6.0,0.0,0.0,0.0,0.0,3.0,1,1,0
1.15,8.0,0.0,0.0,0.0,0.0,0.0,0,0,0
0.63,4.0,0.0,0.0,0.0,0.0,0.0,0,0,0
2.31,6.0,0.0,0.0,0.0,0.0,0.0,1,1,0
0.58,7.0,0.0,0.0,0.0,0.0,0.0,0,0,0
2.57,7.0,0.0,0.0,0.0,0.0,4.0,0,0,0
4.5,7.0,0.0,0.0,0.0,0.0,0.0,0,0,0
-2.71,3.0,0.0,0.0,0.0,0.0,0.0,0,0,0
3.88,1.0,0.0,0.0,0.0,0.0,0.0,0,0,0
2.54,6.0,0.0,0.0,0.0,0.0,0.0,0,0,0
-36.45,2.0,0.0,0.0,0.0,0.0,0.0,0,0,0
1.24,7.0,0.0,0.0,0.0,1.0,3.0,1,0,0
3.56,3.0,0.0,0.0,0.0,0.0,0.0,0,0,0
14.1,8.0,0.0,0.0,0.0,0.0,0.0,0,0,0
1.49,2.0,0.0,0.0,0.0,0.0,0.0,0,0,0
-0.73,4.0,0.0,0.0,0.0,0.0,0.0,0,0,0
-7.78,2.0,0.0,0.0,0.0,0.0,0.0,0,0,0
3.45,7.0,0.0,0.0,0.0,0.0,0.0,1,1,0
0.95,6.0,0.0,0.0,0.0,1.0,0.0,0,0,0
3.19,4.0,0.0,0.0,0.0,0.0,0.0,0,0,0
3.56,6.0,0.0,0.0,0.0,0.0,0.0,0,0,0
1.81,6.0,0.0,0.0,0.0,0.0,0.0,0,0,0
1.83,7.0,0.0,0.0,0.0,0.0,0.0,0,0,0
3.13,6.0,0.0,0.0,0.0,0.0,0.0,0,0,0
4.03,8.0,0.0,0.0,0.0,0.0,0.0,0,0,0
3.02,8.0,0.0,1.0,1.0,1.0,3.0,1,1,0
-3.62,4.0,0.0,0.0,0.0,1.0,0.0,0,0,0
-3.95,6.0,0.0,0.0,0.0,0.0,0.0,0,0,0
3.24,7.0,0.0,0.0,0.0,0.0,0.0,0,0,0
1.64,8.0,0.0,0.0,0.0,0.0,0.0,0,0,0
1.51,5.0,0.0,0.0,0.0,0.0,0.0,1,1,0
-1.06,1.0,0.0,0.0,0.0,0.0,0.0,0,0,0
4.97,5.0,0.0,0.0,0.0,0.0,0.0,1,1,0
7.06,1.0,0.0,0.0,0.0,0.0,0.0,0,0,0
1.94,7.0,0.0,0.0,0.0,0.0,0.0,0,0,0
1.08,7.0,0.0,0.0,0.0,0.0,6.0,1,1,0
3.05,7.0,0.0,0.0,0.0,0.0,0.0,1,0,0
-0.84,3.0,0.0,0.0,0.0,0.0,0.0,0,0,0
42.01,3.0,0.0,0.0,0.0,0.0,0.0,0,0,0
-1.17,5.0,0.0,0.0,0.0,0.0,0.0,0,0,0
5.08,8.0,0.0,0.0,0.0,0.0,0.0,1,1,0
17.18,6.0,0.0,0.0,0.0,0.0,0.0,0,0,0
14.5,3.0,0.0,0.0,0.0,0.0,0.0,0,0,0
2.07,2.0,0.0,0.0,0.0,0.0,0.0,0,0,0
1.71,9.0,0.0,0.0,0.0,0.0,2.0,0,0,0
0.92,6.0,0.0,0.0,0.0,0.0,0.0,0,0,0
3.53,7.0,0.0,0.0,0.0,0.0,0.0,0,0,0
0.55,3.0,0.0,0.0,0.0,0.0,0.0,0,0,0
4.39,7.0,0.0,0.0,0.0,0.0,0.0,0,0,0
15.42,2.0,0.0,0.0,0.0,0.0,2.0,1,1,0
4.9,8.0,0.0,0.0,0.0,0.0,0.0,0,0,0
3.32,7.0,0.0,0.0,0.0,0.0,3.0,1,0,0
2.55,6.0,0.0,0.0,0.0,0.0,1.0,1,1,0
1.39,3.0,0.0,0.0,0.0,0.0,0.0,0,0,0
12.28,9.0,0.0,0.0,0.0,0.0,2.0,0,0,0
0.87,5.0,0.0,0.0,0.0,0.0,1.0,1,1,0
2.33,9.0,0.0,0.0,0.0,1.0,4.0,1,0,0
4.11,7.0,0.0,0.0,0.0,0.0,0.0,1,1,0
1.98,7.0,0.0,0.0,0.0,0.0,0.0,0,0,0
2.11,5.0,0.0,0.0,0.0,0.0,0.0,0,0,0
0.18,6.0,0.0,0.0,0.0,0.0,0.0,0,0,0
5.47,7.0,0.0,0.0,0.0,1.0,6.0,1,0,0
9.59,3.0,0.0,0.0,0.0,0.0,0.0,0,0,0
-26.37,3.0,0.0,0.0,0.0,0.0,0.0,0,0,0
15.18,4.0,0.0,0.0,0.0,0.0,0.0,1,0,0
-12.67,3.0,0.0,0.0,0.0,0.0,0.0,0,0,0
1.1,5.0,0.0,0.0,0.0,0.0,0.0,1,1,0
0.67,5.0,0.0,0.0,0.0,0.0,0.0,0,0,0
2.98,6.0,0.0,0.0,0.0,0.0,3.0,1,1,0
3.99,8.0,0.0,0.0,0.0,0.0,0.0,0,0,0
3.32,6.0,0.0,0.0,0.0,0.0,0.0,0,0,0
4.42,7.0,0.0,0.0,0.0,0.0,0.0,0,0,0
4.46,8.0,0.0,0.0,0.0,0.0,0.0,1,1,0
1.04,5.0,0.0,0.0,0.0,0.0,0.0,0,0,0
0.1,2.0,0.0,0.0,0.0,0.0,0.0,1,0,1
2.01,7.0,0.0,0.0,0.0,0.0,0.0,0,0,0
0.63,2.0,0.0,0.0,0.0,0.0,0.0,0,0,0
2.44,8.0,0.0,0.0,0.0,0.0,0.0,0,0,0
0.76,5.0,0.0,1.0,1.0,1.0,0.0,1,0,0
8.39,4.0,0.0,0.0,0.0,0.0,0.0,0,0,0
1.0,7.0,0.0,0.0,0.0,0.0,3.0,1,0,0
2.51,7.0,0.0,0.0,0.0,0.0,0.0,1,1,0
0.84,6.0,0.0,0.0,0.0,0.0,0.0,1,1,0
3.77,6.0,0.0,0.0,0.0,0.0,0.0,0,0,0
0.85,5.0,0.0,0.0,0.0,0.0,3.0,1,1,0
0.85,6.0,0.0,0.0,0.0,0.0,4.0,1,0,0
0.89,6.0,0.0,0.0,0.0,0.0,5.0,0,0,0
1.7,4.0,0.0,0.0,0.0,0.0,0.0,0,0,0
4.14,5.0,0.0,0.0,1.0,1.0,5.0,1,0,0
3.59,5.0,0.0,0.0,0.0,0.0,3.0,1,1,0
0.02,4.0,0.0,0.0,0.0,0.0,0.0,0,0,0
4.48,9.0,0.0,0.0,0.0,0.0,0.0,0,0,0
3.24,8.0,0.0,0.0,0.0,0.0,0.0,0,0,0
1.82,3.0,0.0,0.0,0.0,0.0,0.0,0,0,0
-0.96,2.0,0.0,0.0,0.0,0.0,0.0,0,0,0
1.19,7.0,0.0,0.0,0.0,0.0,0.0,0,0,0
-0.13,4.0,0.0,0.0,0.0,0.0,0.0,0,0,0
1.79,6.0,0.0,0.0,0.0,0.0,0.0,0,0,0
1.42,2.0,0.0,0.0,0.0,0.0,0.0,0,0,0
20.68,5.0,0.0,0.0,0.0,0.0,0.0,0,0,0
0.61,5.0,0.0,0.0,0.0,0.0,4.0,1,1,1
7.96,8.0,0.0,0.0,0.0,0.0,0.0,1,1,0
1.29,7.0,0.0,0.0,0.0,0.0,3.0,1,1,0
3.65,5.0,0.0,0.0,0.0,0.0,0.0,0,0,0
4.36,8.0,0.0,0.0,0.0,0.0,0.0,0,0,0
2.07,5.0,0.0,0.0,0.0,0.0,0.0,0,0,0
-9.66,3.0,0.0,0.0,0.0,0.0,0.0,0,0,0
-1.7,4.0,0.0,0.0,0.0,0.0,0.0,0,0,0
1.85,6.0,0.0,0.0,0.0,0.0,2.0,1,1,0
9.12,7.0,0.0,0.0,1.0,1.0,0.0,0,0,0
0.04,6.0,0.0,0.0,0.0,0.0,0.0,0,0,0
0.86,6.0,0.0,0.0,0.0,0.0,4.0,1,1,0
4.57,8.0,0.0,0.0,0.0,0.0,0.0,0,0,0
1.61,7.0,0.0,0.0,0.0,0.0,0.0,0,0,0
-1.73,2.0,0.0,0.0,0.0,0.0,0.0,0,0,0
2.01,2.0,0.0,0.0,0.0,0.0,0.0,0,0,0
3.98,7.0,0.0,0.0,0.0,0.0,0.0,0,0,0
0.56,5.0,0.0,0.0,0.0,0.0,0.0,0,0,0
17.74,6.0,0.0,0.0,0.0,0.0,0.0,0,0,0
-3.02,4.0,0.0,0.0,0.0,0.0,0.0,1,1,0
5.72,5.0,0.0,0.0,0.0,0.0,0.0,1,0,0
1.51,2.0,0.0,0.0,0.0,1.0,2.0,1,1,0
15.06,6.0,0.0,0.0,0.0,0.0,0.0,1,1,0
0.56,4.0,0.0,0.0,0.0,0.0,0.0,0,0,0
2.25,6.0,0.0,0.0,0.0,0.0,0.0,0,0,0
-2.69,4.0,0.0,0.0,0.0,0.0,0.0,0,0,0
2.07,5.0,0.0,0.0,0.0,0.0,0.0,0,0,0
2.54,5.0,0.0,0.0,0.0,0.0,1.0,1,1,0
4.64,2.0,0.0,0.0,0.0,0.0,0.0,0,0,0
3.1,7.0,0.0,0.0,0.0,0.0,0.0,0,0,0
3.48,5.0,0.0,0.0,0.0,0.0,0.0,0,0,0
6.48,4.0,0.0,0.0,0.0,0.0,0.0,0,0,0
-2.53,3.0,0.0,0.0,0.0,0.0,0.0,0,0,0
1.88,3.0,0.0,0.0,0.0,0.0,0.0,0,0,0
-43.79,1.0,0.0,0.0,0.0,0.0,0.0,0,0,0
0.84,3.0,0.0,0.0,0.0,0.0,0.0,0,0,0
6.18,4.0,0.0,0.0,0.0,0.0,0.0,0,0,0
1.0,4.0,0.0,0.0,0.0,0.0,0.0,0,0,0
1.85,6.0,0.0,0.0,0.0,0.0,0.0,0,0,0
8.14,6.0,0.0,0.0,0.0,0.0,2.0,1,1,0
0.38,5.0,0.0,0.0,0.0,0.0,0.0,0,0,0
3.42,7.0,0.0,0.0,0.0,0.0,0.0,0,0,0
1.44,4.0,0.0,0.0,0.0,0.0,2.0,1,0,0
3.21,5.0,0.0,0.0,0.0,0.0,0.0,0,0,0
-4.19,4.0,0.0,0.0,0.0,0.0,0.0,0,0,0
2.42,8.0,0.0,0.0,1.0,1.0,9.0,1,0,0
14.21,9.0,0.0,0.0,0.0,0.0,0.0,0,0,0
1.99,3.0,0.0,0.0,0.0,0.0,0.0,0,0,0
-29.46,2.0,0.0,0.0,0.0,0.0,0.0,0,0,0
0.68,6.0,0.0,0.0,0.0,0.0,6.0,1,0,1
6.86,6.0,0.0,0.0,0.0,0.0,0.0,0,0,0
2.16,5.0,0.0,0.0,0.0,0.0,0.0,0,0,0
-7.81,3.0,0.0,0.0,0.0,0.0,0.0,0,0,0
2.91,7.0,0.0,0.0,0.0,0.0,0.0,0,0,0
1.65,4.0,0.0,0.0,0.0,0.0,0.0,0,0,0
9.32,3.0,0.0,0.0,0.0,0.0,2.0,1,1,0
-0.15,2.0,0.0,0.0,0.0,0.0,2.0,1,0,0
1.37,4.0,0.0,0.0,0.0,0.0,0.0,0,0,0
2.97,6.0,0.0,0.0,0.0,0.0,0.0,0,0,0
12.89,4.0,0.0,0.0,0.0,0.0,0.0,0,0,0
0.0,5.0,0.0,0.0,0.0,0.0,0.0,0,0,0
5.7,7.0,0.0,0.0,0.0,0.0,0.0,1,1,0
0.82,6.0,0.0,0.0,0.0,0.0,4.0,1,1,0
-76.58,6.0,0.0,0.0,0.0,0.0,0.0,0,0,0
-0.6,1.0,0.0,0.0,0.0,0.0,0.0,0,0,0
-3.84,1.0,0.0,0.0,0.0,0.0,0.0,0,0,0
0.95,5.0,0.0,0.0,0.0,0.0,2.0,1,1,0
7.36,7.0,0.0,0.0,0.0,0.0,0.0,0,0,0
4.09,5.0,0.0,0.0,0.0,0.0,2.0,1,0,0
4.83,2.0,0.0,0.0,0.0,0.0,0.0,0,0,0
2.66,7.0,0.0,0.0,0.0,0.0,0.0,1,0,0
-37.05,4.0,0.0,0.0,0.0,0.0,6.0,0,0,0
1.74,6.0,0.0,0.0,0.0,0.0,0.0,1,0,1
8.96,5.0,0.0,0.0,0.0,0.0,0.0,0,0,0
3.52,5.0,0.0,0.0,0.0,0.0,0.0,0,0,0
-15.86,5.0,0.0,0.0,0.0,0.0,0.0,0,0,0
4.03,2.0,0.0,0.0,0.0,0.0,0.0,0,0,0
1.52,8.0,0.0,0.0,0.0,0.0,0.0,0,0,0
4.58,6.0,0.0,0.0,0.0,0.0,0.0,0,0,0
2.81,8.0,0.0,0.0,0.0,1.0,5.0,1,0,0
2.39,7.0,0.0,0.0,0.0,0.0,0.0,0,0,0
2.44,5.0,0.0,0.0,0.0,0.0,3.0,1,1,0
1.73,5.0,0.0,0.0,0.0,0.0,0.0,0,0,0
4.86,6.0,0.0,0.0,0.0,0.0,0.0,0,0,0
2.37,2.0,0.0,0.0,0.0,0.0,0.0,0,0,0
1.86,6.0,0.0,0.0,0.0,0.0,5.0,1,1,0
533.42,5.0,0.0,0.0,0.0,0.0,0.0,0,0,0
1.44,7.0,0.0,0.0,0.0,0.0,0.0,0,0,0
1.07,6.0,0.0,0.0,0.0,0.0,5.0,1,0,1
0.29,6.0,0.0,0.0,0.0,0.0,6.0,1,0,1
6.99,6.0,0.0,0.0,0.0,0.0,0.0,0,0,0
4.17,7.0,0.0,0.0,0.0,0.0,0.0,1,0,0
1.43,8.0,0.0,0.0,0.0,0.0,0.0,0,0,0
18.64,5.0,0.0,0.0,0.0,0.0,0.0,0,0,0
-0.48,4.0,0.0,0.0,0.0,0.0,0.0,0,0,0
5.66,9.0,0.0,0.0,0.0,0.0,0.0,1,0,0
-0.47,3.0,0.0,0.0,0.0,0.0,0.0,0,0,0
2.14,9.0,0.0,0.0,0.0,0.0,0.0,0,0,0
-23.99,4.0,0.0,0.0,0.0,0.0,0.0,0,0,0
1.98,4.0,0.0,0.0,1.0,1.0,0.0,1,1,0
12.81,4.0,0.0,0.0,0.0,0.0,0.0,1,0,0
4.8,8.0,0.0,0.0,0.0,0.0,0.0,0,0,0
3.28,6.0,0.0,0.0,0.0,0.0,0.0,0,0,0
3.75,7.0,0.0,0.0,0.0,0.0,0.0,0,0,0
2.47,5.0,0.0,0.0,0.0,0.0,0.0,0,0,0
2.41,9.0,0.0,0.0,0.0,0.0,4.0,1,1,0
7.28,5.0,0.0,0.0,0.0,0.0,3.0,1,1,0
1.53,6.0,0.0,0.0,0.0,0.0,0.0,0,0,0
1.43,7.0,0.0,0.0,0.0,0.0,0.0,0,0,0
3.3,6.0,0.0,0.0,1.0,1.0,2.0,1,0,0
2.95,4.0,0.0,0.0,0.0,0.0,0.0,0,0,0
5.43,6.0,0.0,0.0,0.0,0.0,0.0,1,1,0
0.63,4.0,0.0,0.0,0.0,0.0,0.0,0,0,0
0.22,2.0,0.0,0.0,0.0,0.0,0.0,0,0,0
1.52,4.0,0.0,1.0,0.0,0.0,0.0,1,0,1
10.88,4.0,0.0,0.0,0.0,0.0,1.0,1,1,1
2.0,3.0,0.0,0.0,0.0,0.0,0.0,0,0,0
20.51,6.0,0.0,0.0,0.0,0.0,0.0,1,1,0
3.9,7.0,0.0,0.0,0.0,0.0,0.0,1,1,0
3.85,6.0,0.0,0.0,0.0,0.0,0.0,0,0,0
1.25,7.0,0.0,0.0,0.0,0.0,0.0,1,1,0
1.4,6.0,0.0,0.0,0.0,0.0,0.0,0,0,0
0.71,6.0,0.0,0.0,0.0,0.0,5.0,0,0,0
3.45,7.0,0.0,0.0,0.0,0.0,2.0,1,1,0
7.08,9.0,0.0,0.0,0.0,0.0,0.0,0,0,0
3.07,5.0,0.0,0.0,0.0,0.0,0.0,1,1,0
2.14,5.0,0.0,0.0,0.0,0.0,4.0,1,0,0
23.61,4.0,0.0,0.0,0.0,0.0,0.0,0,0,0
2.49,3.0,0.0,0.0,0.0,0.0,0.0,0,0,0
4.74,9.0,0.0,0.0,0.0,0.0,1.0,0,0,1
26.41,8.0,0.0,0.0,0.0,1.0,0.0,0,0,0
2.6,7.0,0.0,0.0,0.0,0.0,0.0,1,1,0
-0.72,5.0,0.0,0.0,0.0,0.0,0.0,0,0,0
1.32,7.0,0.0,0.0,0.0,0.0,4.0,1,0,0
2.75,9.0,0.0,0.0,0.0,0.0,2.0,0,0,0
3.87,6.0,0.0,0.0,1.0,1.0,6.0,1,0,1
4.06,7.0,0.0,0.0,0.0,0.0,0.0,1,1,0
0.52,5.0,0.0,0.0,0.0,0.0,6.0,1,0,0
2.11,8.0,0.0,0.0,0.0,0.0,4.0,0,0,0
0.46,5.0,0.0,0.0,0.0,0.0,0.0,1,0,1
0.87,7.0,0.0,1.0,1.0,1.0,2.0,1,1,0
1.63,4.0,0.0,0.0,0.0,0.0,0.0,0,0,0
5.64,8.0,0.0,0.0,0.0,0.0,0.0,0,0,0
105.51,1.0,0.0,0.0,0.0,0.0,0.0,0,0,0
3.47,7.0,0.0,0.0,0.0,0.0,7.0,1,0,0
8.83,7.0,0.0,0.0,1.0,1.0,3.0,0,0,0
3.88,8.0,0.0,0.0,1.0,0.0,4.0,1,0,0
3.27,8.0,0.0,0.0,0.0,0.0,7.0,1,0,0
1.76,5.0,0.0,0.0,0.0,0.0,5.0,1,1,1
3.63,7.0,0.0,0.0,0.0,0.0,0.0,0,0,0
1.76,7.0,0.0,0.0,0.0,0.0,0.0,0,0,0
3.76,7.0,0.0,0.0,0.0,0.0,0.0,0,0,0
-2.22,4.0,0.0,0.0,0.0,0.0,0.0,0,0,0
6.43,7.0,0.0,0.0,0.0,0.0,0.0,0,0,0
3.46,4.0,0.0,0.0,0.0,0.0,0.0,0,0,0
3.25,4.0,0.0,0.0,0.0,0.0,6.0,1,0,0
2.73,5.0,0.0,0.0,0.0,0.0,2.0,0,0,0
-3.14,4.0,0.0,0.0,0.0,0.0,0.0,0,0,0
1.08,2.0,0.0,0.0,0.0,0.0,0.0,0,0,0
3.97,7.0,0.0,0.0,0.0,0.0,0.0,1,0,1
-4.82,4.0,0.0,0.0,0.0,0.0,0.0,0,0,0
5.25,6.0,0.0,0.0,0.0,0.0,0.0,0,0,0
3.04,8.0,0.0,0.0,0.0,0.0,0.0,1,1,0
1.76,7.0,0.0,0.0,0.0,0.0,0.0,0,0,0
0.84,6.0,0.0,0.0,0.0,0.0,1.0,1,1,0
-4.85,2.0,0.0,0.0,0.0,0.0,0.0,0,0,0
2.66,5.0,0.0,0.0,0.0,0.0,0.0,1,1,0
0.18,3.0,0.0,0.0,0.0,0.0,0.0,0,0,0
2.97,7.0,0.0,0.0,0.0,0.0,0.0,0,0,0
3.11,4.0,0.0,0.0,0.0,0.0,0.0,0,0,0
1.07,5.0,0.0,0.0,0.0,0.0,0.0,0,0,0
4.77,7.0,0.0,0.0,0.0,0.0,0.0,0,0,0
1.27,2.0,0.0,0.0,0.0,0.0,0.0,0,0,0
7.61,7.0,0.0,0.0,0.0,0.0,0.0,0,0,0
0.68,6.0,0.0,0.0,0.0,0.0,0.0,1,1,0
0.45,4.0,0.0,0.0,0.0,0.0,0.0,0,0,0
4.69,5.0,0.0,0.0,0.0,0.0,2.0,1,0,0
7.87,5.0,0.0,0.0,0.0,0.0,0.0,0,0,0
2.9,3.0,0.0,0.0,0.0,0.0,0.0,0,0,0
3.54,7.0,0.0,0.0,0.0,0.0,0.0,0,0,0
0.95,6.0,0.0,0.0,0.0,0.0,0.0,1,0,0
3.46,7.0,0.0,0.0,0.0,0.0,0.0,0,0,0
3.88,8.0,0.0,0.0,0.0,0.0,0.0,0,0,0
1.56,5.0,0.0,0.0,0.0,0.0,0.0,0,0,0
4.97,7.0,0.0,0.0,0.0,0.0,0.0,1,1,0
1.91,5.0,0.0,0.0,0.0,0.0,0.0,0,0,0
2.8,6.0,0.0,0.0,0.0,0.0,0.0,1,0,0
2.95,8.0,0.0,0.0,0.0,0.0,0.0,0,0,0
2.99,5.0,0.0,0.0,0.0,0.0,0.0,0,0,0
1.77,7.0,0.0,0.0,0.0,0.0,0.0,0,0,0
-0.12,4.0,0.0,0.0,0.0,0.0,0.0,0,0,0
4.49,9.0,0.0,0.0,0.0,0.0,0.0,0,0,0
4.03,6.0,0.0,0.0,0.0,0.0,0.0,0,0,0
0.19,6.0,0.0,0.0,0.0,0.0,0.0,0,0,0
-11.34,2.0,0.0,0.0,0.0,0.0,0.0,0,0,0
2.92,5.0,0.0,0.0,0.0,0.0,0.0,0,0,0
1.91,6.0,0.0,0.0,0.0,0.0,0.0,0,0,0
5.76,7.0,0.0,0.0,0.0,0.0,0.0,0,0,0
-1.47,4.0,0.0,0.0,0.0,0.0,0.0,0,0,0
1.17,4.0,0.0,0.0,0.0,0.0,0.0,0,0,0
3.79,6.0,0.0,0.0,0.0,0.0,0.0,0,0,0
3.1,5.0,0.0,0.0,0.0,0.0,0.0,0,0,0
-5.48,2.0,0.0,0.0,0.0,0.0,0.0,0,0,0
1.76,2.0,0.0,0.0,0.0,0.0,0.0,0,0,0
8.3,8.0,0.0,0.0,0.0,0.0,0.0,0,0,1
5.69,4.0,0.0,0.0,0.0,0.0,0.0,0,0,0
6.76,8.0,0.0,0.0,0.0,0.0,0.0,0,0,0
3.01,7.0,0.0,0.0,0.0,1.0,0.0,1,0,0
-4.93,2.0,0.0,0.0,0.0,0.0,0.0,0,0,0
6.98,8.0,0.0,0.0,0.0,0.0,4.0,1,0,1
15.02,3.0,0.0,0.0,0.0,0.0,0.0,0,0,0
1.68,7.0,0.0,0.0,0.0,0.0,0.0,0,0,1
4.85,7.0,0.0,0.0,0.0,0.0,0.0,0,0,0
2.24,6.0,0.0,0.0,0.0,0.0,0.0,0,0,0
17.0,2.0,0.0,0.0,0.0,0.0,0.0,0,0,0
1.51,6.0,0.0,0.0,1.0,1.0,6.0,1,0,0
0.53,3.0,0.0,0.0,0.0,0.0,0.0,0,0,0
4.22,6.0,0.0,0.0,0.0,0.0,0.0,0,0,1
0.96,6.0,0.0,0.0,0.0,0.0,0.0,0,0,0
2.06,4.0,0.0,0.0,0.0,0.0,0.0,0,0,0
5.03,7.0,0.0,0.0,0.0,0.0,2.0,1,0,0
0.86,7.0,0.0,0.0,0.0,0.0,0.0,0,0,0
-0.5,2.0,0.0,0.0,0.0,0.0,0.0,1,0,0
2.87,8.0,0.0,0.0,0.0,0.0,0.0,0,0,0
1.34,5.0,0.0,0.0,0.0,0.0,0.0,1,1,0
-1.57,4.0,0.0,0.0,0.0,0.0,0.0,0,0,0
0.81,4.0,0.0,0.0,0.0,0.0,5.0,1,1,0
-1.5,5.0,0.0,0.0,0.0,0.0,0.0,0,0,0
2.97,5.0,0.0,0.0,0.0,0.0,0.0,0,0,0
0.06,6.0,0.0,0.0,0.0,0.0,0.0,0,0,0
-40.16,3.0,0.0,0.0,0.0,0.0,0.0,0,0,0
6.42,7.0,0.0,0.0,0.0,0.0,0.0,0,0,1
-0.36,5.0,0.0,0.0,0.0,0.0,0.0,0,0,0
6.16,4.0,0.0,0.0,0.0,0.0,0.0,0,0,0
3.35,6.0,0.0,0.0,0.0,0.0,0.0,0,0,0
0.87,5.0,0.0,0.0,0.0,0.0,0.0,0,0,0
1.7,7.0,0.0,0.0,0.0,0.0,7.0,1,0,0
-4.46,2.0,0.0,0.0,0.0,0.0,0.0,0,0,0
1.51,7.0,0.0,0.0,0.0,0.0,0.0,0,0,0
-11.59,3.0,0.0,0.0,0.0,0.0,0.0,0,0,0
5.8,5.0,0.0,0.0,0.0,0.0,0.0,0,0,0
0.98,6.0,0.0,0.0,0.0,0.0,0.0,0,0,0
0.88,6.0,0.0,0.0,0.0,0.0,0.0,1,1,0
5.73,6.0,0.0,0.0,0.0,0.0,0.0,0,0,0
1.91,3.0,0.0,0.0,1.0,1.0,5.0,1,1,0
1.49,3.0,0.0,0.0,0.0,0.0,0.0,0,0,0
0.45,2.0,0.0,0.0,0.0,0.0,0.0,0,0,0
2.71,6.0,0.0,0.0,0.0,0.0,0.0,0,0,0
3.76,4.0,0.0,0.0,0.0,0.0,0.0,0,0,0
3.08,5.0,0.0,0.0,0.0,0.0,0.0,0,0,0
1.8,7.0,0.0,0.0,0.0,0.0,0.0,1,1,0
17.94,7.0,0.0,0.0,0.0,0.0,0.0,0,0,0
-3.35,5.0,0.0,0.0,0.0,0.0,0.0,0,0,0
-21.33,2.0,0.0,0.0,0.0,0.0,0.0,0,0,0
18.2,6.0,0.0,0.0,0.0,0.0,0.0,0,0,0
3.55,1.0,0.0,0.0,0.0,0.0,0.0,0,0,0
155.59,7.0,0.0,0.0,0.0,0.0,0.0,0,0,0
2.79,8.0,0.0,0.0,0.0,0.0,0.0,1,1,0
5.7,8.0,0.0,0.0,0.0,0.0,0.0,0,0,0
0.25,5.0,0.0,0.0,0.0,0.0,0.0,0,0,0
-3.57,6.0,0.0,0.0,0.0,0.0,0.0,0,0,0
2.8,8.0,0.0,0.0,0.0,0.0,1.0,0,0,1
-1.2,2.0,0.0,0.0,0.0,0.0,0.0,0,0,0
1.21,7.0,0.0,1.0,1.0,1.0,2.0,0,0,0
-12.59,3.0,0.0,0.0,0.0,0.0,0.0,0,0,0
2.98,7.0,0.0,0.0,0.0,0.0,0.0,0,0,0
4.57,7.0,0.0,0.0,0.0,0.0,0.0,0,0,0
-3.89,3.0,0.0,0.0,0.0,0.0,0.0,0,0,0
-7.52,5.0,0.0,0.0,0.0,0.0,0.0,0,0,0
46.23,7.0,0.0,0.0,0.0,0.0,0.0,0,0,0
0.94,4.0,0.0,0.0,1.0,1.0,3.0,1,1,0
